tag,value,status,timestamp
ns=2;i=2,29.401091583437154,good,2026-09-28T01:36:00.699655+00:00
ns=2;i=3,0.9907848494581576,good,2026-09-28T01:36:00.699721+00:00
ns=2;i=4,12.902572617673858,good,2026-09-28T01:36:00.699775+00:00
ns=2;i=5,59.235583510829656,good,2026-09-28T01:36:00.699823+00:00
ns=2;i=2,29.84137107468892,good,2026-09-28T01:36:05.708515+00:00
ns=2;i=3,0.8364456208488472,good,2026-09-28T01:36:05.708558+00:00
ns=2;i=4,9.80062680559818,good,2026-09-28T01:36:05.708593+00:00
ns=2;i=5,62.57586048036937,good,2026-09-28T01:36:05.708622+00:00
ns=2;i=2,28.993500673455635,good,2026-09-28T01:36:10.720461+00:00
ns=2;i=3,0.7891170676859496,good,2026-09-28T01:36:10.720505+00:00
ns=2;i=4,9.796072674634358,good,2026-09-28T01:36:10.720540+00:00
ns=2;i=5,65.41477757797938,good,2026-09-28T01:36:10.720569+00:00
ns=2;i=2,26.853819899100962,good,2026-09-28T01:36:15.731073+00:00
ns=2;i=3,0.857692171838684,good,2026-09-28T01:36:15.731097+00:00
ns=2;i=4,12.930660210342397,good,2026-09-28T01:36:15.731114+00:00
ns=2;i=5,67.63915613769895,good,2026-09-28T01:36:15.731132+00:00
ns=2;i=2,24.671609204378054,good,2026-09-28T01:36:20.740245+00:00
ns=2;i=3,0.9831782968157211,good,2026-09-28T01:36:20.740282+00:00
ns=2;i=4,14.683321266907768,good,2026-09-28T01:36:20.740313+00:00
ns=2;i=5,69.1603172057845,good,2026-09-28T01:36:20.740337+00:00
ns=2;i=2,22.612170075889434,good,2026-09-28T01:36:25.748439+00:00
ns=2;i=3,1.1030681818165888,good,2026-09-28T01:36:25.748455+00:00
ns=2;i=4,12.132990359893103,good,2026-09-28T01:36:25.748469+00:00
ns=2;i=5,69.9176168907528,good,2026-09-28T01:36:25.748479+00:00
ns=2;i=2,20.713087994416195,good,2026-09-28T01:36:30.759834+00:00
ns=2;i=3,1.1988611380764662,good,2026-09-28T01:36:30.759903+00:00
ns=2;i=4,9.444884193253298,good,2026-09-28T01:36:30.759964+00:00
ns=2;i=5,69.88086404396152,good,2026-09-28T01:36:30.760013+00:00
ns=2;i=2,19.93149322176881,good,2026-09-28T01:36:35.772663+00:00
ns=2;i=3,1.1864633504123971,good,2026-09-28T01:36:35.772723+00:00
ns=2;i=4,9.731249760793903,good,2026-09-28T01:36:35.772772+00:00
ns=2;i=5,69.0515238854319,good,2026-09-28T01:36:35.772815+00:00
ns=2;i=2,20.3746252927932,good,2026-09-28T01:36:40.783226+00:00
ns=2;i=3,1.0927817487158566,good,2026-09-28T01:36:40.783251+00:00
ns=2;i=4,13.446681209389665,good,2026-09-28T01:36:40.783271+00:00
ns=2;i=5,67.46265959015034,good,2026-09-28T01:36:40.783290+00:00
ns=2;i=2,22.16535065991127,good,2026-09-28T01:36:45.794124+00:00
ns=2;i=3,0.942331221959125,good,2026-09-28T01:36:45.794144+00:00
ns=2;i=4,14.866468169526996,good,2026-09-28T01:36:45.794159+00:00
ns=2;i=5,65.17761416361844,good,2026-09-28T01:36:45.794173+00:00
ns=2;i=2,24.327534019626842,good,2026-09-28T01:36:50.803967+00:00
ns=2;i=3,0.8318385901562781,good,2026-09-28T01:36:50.804092+00:00
ns=2;i=4,12.737478957593629,good,2026-09-28T01:36:50.804163+00:00
ns=2;i=5,62.287485156114236,good,2026-09-28T01:36:50.804211+00:00
ns=2;i=2,26.77721795621364,good,2026-09-28T01:36:55.814263+00:00
ns=2;i=3,0.7958865162547709,good,2026-09-28T01:36:55.814287+00:00
ns=2;i=4,8.954671616574789,good,2026-09-28T01:36:55.814307+00:00
ns=2;i=5,58.907492890837425,good,2026-09-28T01:36:55.814324+00:00
ns=2;i=2,28.714441281139656,good,2026-09-28T01:37:00.826399+00:00
ns=2;i=3,0.8603972756707527,good,2026-09-28T01:37:00.826465+00:00
ns=2;i=4,10.237288007042167,good,2026-09-28T01:37:00.826518+00:00
ns=2;i=5,55.17238699322222,good,2026-09-28T01:37:00.826566+00:00
ns=2;i=2,30.132836430792505,good,2026-09-28T01:37:05.839002+00:00
ns=2;i=3,1.005210138521533,good,2026-09-28T01:37:05.839026+00:00
ns=2;i=4,13.396870170642027,good,2026-09-28T01:37:05.839045+00:00
ns=2;i=5,51.23107434859826,good,2026-09-28T01:37:05.839062+00:00
ns=2;i=2,29.714329277775946,good,2026-09-28T01:37:10.847637+00:00
ns=2;i=3,1.1448645429813025,good,2026-09-28T01:37:10.847662+00:00
ns=2;i=4,15.063363147737284,good,2026-09-28T01:37:10.847680+00:00
ns=2;i=5,47.240682654575465,good,2026-09-28T01:37:10.847697+00:00
ns=2;i=2,28.349083753921317,good,2026-09-28T01:37:15.858530+00:00
ns=2;i=3,1.2037072245887486,good,2026-09-28T01:37:15.858548+00:00
ns=2;i=4,13.145450179250274,good,2026-09-28T01:37:15.858560+00:00
ns=2;i=5,43.36029623558532,good,2026-09-28T01:37:15.858571+00:00
ns=2;i=2,26.15184945671149,good,2026-09-28T01:37:20.870743+00:00
ns=2;i=3,1.1627095263628988,good,2026-09-28T01:37:20.870767+00:00
ns=2;i=4,9.105631810213723,good,2026-09-28T01:37:20.870786+00:00
ns=2;i=5,39.74461385288552,good,2026-09-28T01:37:20.870802+00:00
ns=2;i=2,23.740264960216315,good,2026-09-28T01:37:25.883298+00:00
ns=2;i=3,1.0366488486114205,good,2026-09-28T01:37:25.883363+00:00
ns=2;i=4,9.382507302621141,good,2026-09-28T01:37:25.883419+00:00
ns=2;i=5,36.537781353128764,good,2026-09-28T01:37:25.883463+00:00
ns=2;i=2,21.232987507899058,good,2026-09-28T01:37:30.894207+00:00
ns=2;i=3,0.9248649994402129,good,2026-09-28T01:37:30.894234+00:00
ns=2;i=4,12.728662491102503,good,2026-09-28T01:37:30.894256+00:00
ns=2;i=5,33.86764502833519,good,2026-09-28T01:37:30.894276+00:00
ns=2;i=2,19.965463802607946,good,2026-09-28T01:37:35.903637+00:00
ns=2;i=3,0.8001849668070995,good,2026-09-28T01:37:35.903655+00:00
ns=2;i=4,15.10828298423664,good,2026-09-28T01:37:35.903667+00:00
ns=2;i=5,31.84065478767189,good,2026-09-28T01:37:35.903678+00:00
ns=2;i=2,20.324569669148296,good,2026-09-28T01:37:40.915950+00:00
ns=2;i=3,0.8007601834993635,good,2026-09-28T01:37:40.915970+00:00
ns=2;i=4,12.630046795626496,good,2026-09-28T01:37:40.915986+00:00
ns=2;i=5,30.537620335496523,good,2026-09-28T01:37:40.916000+00:00
ns=2;i=2,21.420281478903906,good,2026-09-28T01:37:45.925742+00:00
ns=2;i=3,0.9129820439851956,good,2026-09-28T01:37:45.925799+00:00
ns=2;i=4,9.368606230627588,good,2026-09-28T01:37:45.925846+00:00
ns=2;i=5,30.01048954345432,good,2026-09-28T01:37:45.925888+00:00
ns=2;i=2,23.471182480723975,good,2026-09-28T01:37:50.937518+00:00
ns=2;i=3,1.0497436918548764,good,2026-09-28T01:37:50.937542+00:00
ns=2;i=4,9.544223678773566,good,2026-09-28T01:37:50.937562+00:00
ns=2;i=5,30.280277452766594,good,2026-09-28T01:37:50.937579+00:00
ns=2;i=2,25.752288873547688,good,2026-09-28T01:37:55.947838+00:00
ns=2;i=3,1.1658744396343943,good,2026-09-28T01:37:55.947870+00:00
ns=2;i=4,12.606161713317498,good,2026-09-28T01:37:55.947897+00:00
ns=2;i=5,31.33622847085405,good,2026-09-28T01:37:55.947921+00:00
ns=2;i=2,27.69118284157292,good,2026-09-28T01:38:00.958351+00:00
ns=2;i=3,1.2175597687630837,good,2026-09-28T01:38:00.958371+00:00
ns=2;i=4,15.11915949621033,good,2026-09-28T01:38:00.958388+00:00
ns=2;i=5,33.13624516287166,good,2026-09-28T01:38:00.958402+00:00
ns=2;i=2,29.572975894957743,good,2026-09-28T01:38:05.969496+00:00
ns=2;i=3,1.1559815154141435,good,2026-09-28T01:38:05.969567+00:00
ns=2;i=4,12.729052392186757,good,2026-09-28T01:38:05.969622+00:00
ns=2;i=5,35.60856654358985,good,2026-09-28T01:38:05.969672+00:00
ns=2;i=2,29.938643566009738,good,2026-09-28T01:38:10.982528+00:00
ns=2;i=3,1.0158063510369888,good,2026-09-28T01:38:10.982554+00:00
ns=2;i=4,9.570422356939435,good,2026-09-28T01:38:10.982574+00:00
ns=2;i=5,38.65462896142063,good,2026-09-28T01:38:10.982593+00:00
ns=2;i=2,29.07910025769036,good,2026-09-28T01:38:15.993514+00:00
ns=2;i=3,0.9007875564712199,good,2026-09-28T01:38:15.993555+00:00
ns=2;i=4,9.369455004816484,good,2026-09-28T01:38:15.993584+00:00
ns=2;i=5,42.152995520170926,good,2026-09-28T01:38:15.993610+00:00
ns=2;i=2,27.489812574613772,good,2026-09-28T01:38:21.003672+00:00
ns=2;i=3,0.7950440019071466,good,2026-09-28T01:38:21.003713+00:00
ns=2;i=4,12.461621150635663,good,2026-09-28T01:38:21.003744+00:00
ns=2;i=5,45.96419738487742,good,2026-09-28T01:38:21.003774+00:00
ns=2;i=2,25.029622438010897,good,2026-09-28T01:38:26.016090+00:00
ns=2;i=3,0.836106389145725,good,2026-09-28T01:38:26.016130+00:00
ns=2;i=4,14.60328979287096,good,2026-09-28T01:38:26.016159+00:00
ns=2;i=5,49.93629396413724,good,2026-09-28T01:38:26.016185+00:00
ns=2;i=2,22.791231488471343,good,2026-09-28T01:38:31.026366+00:00
ns=2;i=3,0.9306137061181448,good,2026-09-28T01:38:31.026406+00:00
ns=2;i=4,13.185167046453454,good,2026-09-28T01:38:31.026435+00:00
ns=2;i=5,53.91093030201088,good,2026-09-28T01:38:31.026459+00:00
ns=2;i=2,20.97120235392336,good,2026-09-28T01:38:36.036544+00:00
ns=2;i=3,1.065111487011847,good,2026-09-28T01:38:36.036596+00:00
ns=2;i=4,9.2054869801049,good,2026-09-28T01:38:36.036638+00:00
ns=2;i=5,57.729650190397585,good,2026-09-28T01:38:36.036675+00:00
ns=2;i=2,19.842246640166355,good,2026-09-28T01:38:41.046669+00:00
ns=2;i=3,1.1821194080953763,good,2026-09-28T01:38:41.046710+00:00
ns=2;i=4,9.971515881830113,good,2026-09-28T01:38:41.046744+00:00
ns=2;i=5,61.24021331801486,good,2026-09-28T01:38:41.046773+00:00
ns=2;i=2,20.237124583636433,good,2026-09-28T01:38:46.057689+00:00
ns=2;i=3,1.206994263955363,good,2026-09-28T01:38:46.057721+00:00
ns=2;i=4,12.646625371567398,good,2026-09-28T01:38:46.057745+00:00
ns=2;i=5,64.30266461118715,good,2026-09-28T01:38:46.057764+00:00
ns=2;i=2,22.138115817041673,good,2026-09-28T01:38:51.069194+00:00
ns=2;i=3,1.128468723830559,good,2026-09-28T01:38:51.069258+00:00
ns=2;i=4,14.522787986656319,good,2026-09-28T01:38:51.069309+00:00
ns=2;i=5,66.7949138009796,good,2026-09-28T01:38:51.069354+00:00
ns=2;i=2,24.422819240046824,good,2026-09-28T01:38:56.080451+00:00
ns=2;i=3,1.0028135194163874,good,2026-09-28T01:38:56.080516+00:00
ns=2;i=4,13.41551406939013,good,2026-09-28T01:38:56.080569+00:00
ns=2;i=5,68.61760277694228,good,2026-09-28T01:38:56.080615+00:00
ns=2;i=2,26.93677989834194,good,2026-09-28T01:39:01.090554+00:00
ns=2;i=3,0.8653499976100669,good,2026-09-28T01:39:01.090602+00:00
ns=2;i=4,9.440676836533095,good,2026-09-28T01:39:01.090641+00:00
ns=2;i=5,69.69806668143121,good,2026-09-28T01:39:01.090693+00:00
ns=2;i=2,28.581632612703523,good,2026-09-28T01:39:06.103218+00:00
ns=2;i=3,0.7994853706995682,good,2026-09-28T01:39:06.103254+00:00
ns=2;i=4,9.401961850383662,good,2026-09-28T01:39:06.103280+00:00
ns=2;i=5,69.99323082817548,good,2026-09-28T01:39:06.103300+00:00
ns=2;i=2,29.885247371452582,good,2026-09-28T01:39:11.112665+00:00
ns=2;i=3,0.840673018954932,good,2026-09-28T01:39:11.112694+00:00
ns=2;i=4,13.197010738727242,good,2026-09-28T01:39:11.112719+00:00
ns=2;i=5,69.4913279540887,good,2026-09-28T01:39:11.112739+00:00
ns=2;i=2,29.556276816189268,good,2026-09-28T01:39:16.124272+00:00
ns=2;i=3,0.9630422178820126,good,2026-09-28T01:39:16.124309+00:00
ns=2;i=4,15.31308140995724,good,2026-09-28T01:39:16.124336+00:00
ns=2;i=5,68.2123673429146,good,2026-09-28T01:39:16.124359+00:00
ns=2;i=2,28.42989595049916,good,2026-09-28T01:39:21.134176+00:00
ns=2;i=3,1.080375748283368,good,2026-09-28T01:39:21.134195+00:00
ns=2;i=4,12.801119394531035,good,2026-09-28T01:39:21.134209+00:00
ns=2;i=5,66.20733711822709,good,2026-09-28T01:39:21.134220+00:00
ns=2;i=2,26.631815823204896,good,2026-09-28T01:39:26.144296+00:00
ns=2;i=3,1.1815958694811612,good,2026-09-28T01:39:26.144336+00:00
ns=2;i=4,9.5440419981939,good,2026-09-28T01:39:26.144362+00:00
ns=2;i=5,63.55617150784573,good,2026-09-28T01:39:26.144385+00:00
ns=2;i=2,23.848846578251017,good,2026-09-28T01:39:31.152969+00:00
ns=2;i=3,1.174241679117366,good,2026-09-28T01:39:31.153016+00:00
ns=2;i=4,9.31470914269648,good,2026-09-28T01:39:31.153045+00:00
ns=2;i=5,60.3645641184195,good,2026-09-28T01:39:31.153068+00:00
ns=2;i=2,21.580735916582533,good,2026-09-28T01:39:36.163688+00:00
ns=2;i=3,1.1038894345507493,good,2026-09-28T01:39:36.163752+00:00
ns=2;i=4,13.099178409944503,good,2026-09-28T01:39:36.163804+00:00
ns=2;i=5,56.75975426486535,good,2026-09-28T01:39:36.163850+00:00
ns=2;i=2,20.163668293874863,good,2026-09-28T01:39:41.174067+00:00
ns=2;i=3,0.9580581773449941,good,2026-09-28T01:39:41.174117+00:00
ns=2;i=4,14.999957843883864,good,2026-09-28T01:39:41.174158+00:00
ns=2;i=5,52.88545434040915,good,2026-09-28T01:39:41.174194+00:00
ns=2;i=2,20.059772566889695,good,2026-09-28T01:39:46.185046+00:00
ns=2;i=3,0.8397195348793322,good,2026-09-28T01:39:46.185088+00:00
ns=2;i=4,13.016532506397974,good,2026-09-28T01:39:46.185119+00:00
ns=2;i=5,48.89612045697851,good,2026-09-28T01:39:46.185145+00:00
ns=2;i=2,20.70276320014391,good,2026-09-28T01:39:51.196995+00:00
ns=2;i=3,0.8138603722856794,good,2026-09-28T01:39:51.197037+00:00
ns=2;i=4,9.964581158381684,good,2026-09-28T01:39:51.197068+00:00
ns=2;i=5,44.950794767434836,good,2026-09-28T01:39:51.197091+00:00
ns=2;i=2,22.815304665353292,good,2026-09-28T01:39:56.206807+00:00
ns=2;i=3,0.8331511936783841,good,2026-09-28T01:39:56.206828+00:00
ns=2;i=4,9.141607853884027,good,2026-09-28T01:39:56.206843+00:00
ns=2;i=5,41.206764956825,good,2026-09-28T01:39:56.206858+00:00
ns=2;i=2,25.09117248287894,good,2026-09-28T01:40:01.216213+00:00
ns=2;i=3,0.9794613988955474,good,2026-09-28T01:40:01.216249+00:00
ns=2;i=4,12.110969505635401,good,2026-09-28T01:40:01.216275+00:00
ns=2;i=5,37.81329367872878,good,2026-09-28T01:40:01.216297+00:00
ns=2;i=2,27.943944721911098,good,2026-09-28T01:40:06.226964+00:00
ns=2;i=3,1.091847474436391,good,2026-09-28T01:40:06.227005+00:00
ns=2;i=4,15.403289196650903,good,2026-09-28T01:40:06.227036+00:00
ns=2;i=5,34.90566792428598,good,2026-09-28T01:40:06.227062+00:00
ns=2;i=2,29.307323646956014,good,2026-09-28T01:40:11.237298+00:00
ns=2;i=3,1.1895655415039765,good,2026-09-28T01:40:11.237354+00:00
ns=2;i=4,13.242477909823535,good,2026-09-28T01:40:11.237383+00:00
ns=2;i=5,32.59980555678254,good,2026-09-28T01:40:11.237407+00:00
ns=2;i=2,30.056250142137017,good,2026-09-28T01:40:16.248975+00:00
ns=2;i=3,1.1975967878271412,good,2026-09-28T01:40:16.249013+00:00
ns=2;i=4,9.831811040987644,good,2026-09-28T01:40:16.249040+00:00
ns=2;i=5,30.9876340322414,good,2026-09-28T01:40:16.249063+00:00
ns=2;i=2,29.59687001661837,good,2026-09-28T01:40:21.259210+00:00
ns=2;i=3,1.0815726896084168,good,2026-09-28T01:40:21.259274+00:00
ns=2;i=4,8.971720141081558,good,2026-09-28T01:40:21.259326+00:00
ns=2;i=5,30.133425541844527,good,2026-09-28T01:40:21.259372+00:00
ns=2;i=2,28.014491196017257,good,2026-09-28T01:40:26.270439+00:00
ns=2;i=3,0.9443342488621655,good,2026-09-28T01:40:26.270460+00:00
ns=2;i=4,12.099995990384844,good,2026-09-28T01:40:26.270477+00:00
ns=2;i=5,30.0712346824933,good,2026-09-28T01:40:26.270491+00:00
ns=2;i=2,25.49243959303165,good,2026-09-28T01:40:31.278888+00:00
ns=2;i=3,0.8165855457563558,good,2026-09-28T01:40:31.278912+00:00
ns=2;i=4,15.029965452838923,good,2026-09-28T01:40:31.278933+00:00
ns=2;i=5,30.803540807495434,good,2026-09-28T01:40:31.278950+00:00
ns=2;i=2,22.88310884531566,good,2026-09-28T01:40:36.290554+00:00
ns=2;i=3,0.8084026214722327,good,2026-09-28T01:40:36.290574+00:00
ns=2;i=4,13.380831573587695,good,2026-09-28T01:40:36.290590+00:00
ns=2;i=5,32.30114918257272,good,2026-09-28T01:40:36.290604+00:00
ns=2;i=2,21.10720698958428,good,2026-09-28T01:40:41.300440+00:00
ns=2;i=3,0.8833546756427121,good,2026-09-28T01:40:41.300465+00:00
ns=2;i=4,9.975913814340004,good,2026-09-28T01:40:41.300484+00:00
ns=2;i=5,34.50435488778733,good,2026-09-28T01:40:41.300498+00:00
ns=2;i=2,19.815419795577682,good,2026-09-28T01:40:46.311455+00:00
ns=2;i=3,1.0152547858067091,good,2026-09-28T01:40:46.311514+00:00
ns=2;i=4,9.75113666494897,good,2026-09-28T01:40:46.311563+00:00
ns=2;i=5,37.32532306429002,good,2026-09-28T01:40:46.311606+00:00
ns=2;i=2,20.179019951117574,good,2026-09-28T01:40:51.320086+00:00
ns=2;i=3,1.1402810421294634,good,2026-09-28T01:40:51.320160+00:00
ns=2;i=4,12.492917249527155,good,2026-09-28T01:40:51.320217+00:00
ns=2;i=5,40.65159061296346,good,2026-09-28T01:40:51.320268+00:00
ns=2;i=2,21.714809819340275,good,2026-09-28T01:40:56.327869+00:00
ns=2;i=3,1.2041853766236272,good,2026-09-28T01:40:56.327933+00:00
ns=2;i=4,14.70068875791272,good,2026-09-28T01:40:56.327986+00:00
ns=2;i=5,44.350549743286294,good,2026-09-28T01:40:56.328035+00:00
ns=2;i=2,24.065887199410714,good,2026-09-28T01:41:01.337979+00:00
ns=2;i=3,1.171682295989786,good,2026-09-28T01:41:01.338040+00:00
ns=2;i=4,13.119756980563588,good,2026-09-28T01:41:01.338089+00:00
ns=2;i=5,48.27473462747312,good,2026-09-28T01:41:01.338133+00:00
ns=2;i=2,26.640134620128308,good,2026-09-28T01:41:06.350601+00:00
ns=2;i=3,1.056918866724154,good,2026-09-28T01:41:06.350670+00:00
ns=2;i=4,10.48395483902055,good,2026-09-28T01:41:06.350718+00:00
ns=2;i=5,52.26770039767285,good,2026-09-28T01:41:06.350760+00:00
ns=2;i=2,28.290541128416653,good,2026-09-28T01:41:11.359700+00:00
ns=2;i=3,0.9207419779073911,good,2026-09-28T01:41:11.359759+00:00
ns=2;i=4,9.690181543892354,good,2026-09-28T01:41:11.359809+00:00
ns=2;i=5,56.17026010915981,good,2026-09-28T01:41:11.359852+00:00
ns=2;i=2,29.874732955169566,good,2026-09-28T01:41:16.366969+00:00
ns=2;i=3,0.8172332557035253,good,2026-09-28T01:41:16.366991+00:00
ns=2;i=4,12.041696961189862,good,2026-09-28T01:41:16.367008+00:00
ns=2;i=5,59.82683102147629,good,2026-09-28T01:41:16.367023+00:00
ns=2;i=2,30.009694582170876,good,2026-09-28T01:41:21.375374+00:00
ns=2;i=3,0.8055238504972844,good,2026-09-28T01:41:21.375395+00:00
ns=2;i=4,14.93330848805557,good,2026-09-28T01:41:21.375412+00:00
ns=2;i=5,63.09163719132503,good,2026-09-28T01:41:21.375427+00:00
ns=2;i=2,29.006218770433442,good,2026-09-28T01:41:26.384295+00:00
ns=2;i=3,0.8776473128017278,good,2026-09-28T01:41:26.384334+00:00
ns=2;i=4,13.819757062109534,good,2026-09-28T01:41:26.384364+00:00
ns=2;i=5,65.83452109940582,good,2026-09-28T01:41:26.384398+00:00
ns=2;i=2,26.621922011350847,good,2026-09-28T01:41:31.395887+00:00
ns=2;i=3,1.0336888734775345,good,2026-09-28T01:41:31.395941+00:00
ns=2;i=4,10.499910319091127,good,2026-09-28T01:41:31.395986+00:00
ns=2;i=5,67.94613261997415,good,2026-09-28T01:41:31.396026+00:00
ns=2;i=2,24.266275334538363,good,2026-09-28T01:41:36.405588+00:00
ns=2;i=3,1.1478218384566325,good,2026-09-28T01:41:36.405643+00:00
ns=2;i=4,9.289159247494306,good,2026-09-28T01:41:36.405686+00:00
ns=2;i=5,69.34228846528048,good,2026-09-28T01:41:36.405724+00:00
ns=2;i=2,22.12216691579473,good,2026-09-28T01:41:41.415720+00:00
ns=2;i=3,1.2069643228324203,good,2026-09-28T01:41:41.415767+00:00
ns=2;i=4,12.530900095210935,good,2026-09-28T01:41:41.415805+00:00
ns=2;i=5,69.96732830759694,good,2026-09-28T01:41:41.415837+00:00
ns=2;i=2,20.378330152837776,good,2026-09-28T01:41:46.426215+00:00
ns=2;i=3,1.1407876912169406,good,2026-09-28T01:41:46.426254+00:00
ns=2;i=4,15.203243371912922,good,2026-09-28T01:41:46.426286+00:00
ns=2;i=5,69.79633378083773,good,2026-09-28T01:41:46.426314+00:00
ns=2;i=2,19.91292818176162,good,2026-09-28T01:41:51.437811+00:00
ns=2;i=3,1.0181176716221125,good,2026-09-28T01:41:51.437865+00:00
ns=2;i=4,14.182368531036222,good,2026-09-28T01:41:51.437910+00:00
ns=2;i=5,68.83612189718022,good,2026-09-28T01:41:51.437949+00:00
ns=2;i=2,21.06546630889693,good,2026-09-28T01:41:56.449108+00:00
ns=2;i=3,0.9024859414905786,good,2026-09-28T01:41:56.449162+00:00
ns=2;i=4,10.149000193072926,good,2026-09-28T01:41:56.449205+00:00
ns=2;i=5,67.12497327430209,good,2026-09-28T01:41:56.449244+00:00
ns=2;i=2,22.66097285616545,good,2026-09-28T01:42:01.457739+00:00
ns=2;i=3,0.8219585474517196,good,2026-09-28T01:42:01.457796+00:00
ns=2;i=4,9.157199844569252,good,2026-09-28T01:42:01.457843+00:00
ns=2;i=5,64.7311060079557,good,2026-09-28T01:42:01.457884+00:00
ns=2;i=2,24.930266817115534,good,2026-09-28T01:42:06.468087+00:00
ns=2;i=3,0.8048099553833324,good,2026-09-28T01:42:06.468115+00:00
ns=2;i=4,11.918751587194818,good,2026-09-28T01:42:06.468139+00:00
ns=2;i=5,61.749956031765336,good,2026-09-28T01:42:06.468159+00:00
ns=2;i=2,27.648939090794713,good,2026-09-28T01:42:11.478968+00:00
ns=2;i=3,0.924311206671474,good,2026-09-28T01:42:11.478997+00:00
ns=2;i=4,14.701297683445853,good,2026-09-28T01:42:11.479021+00:00
ns=2;i=5,58.30037238771891,good,2026-09-28T01:42:11.479042+00:00
ns=2;i=2,29.254273669393406,good,2026-09-28T01:42:16.487572+00:00
ns=2;i=3,1.054027081827637,good,2026-09-28T01:42:16.487621+00:00
ns=2;i=4,13.446002275706919,good,2026-09-28T01:42:16.487661+00:00
ns=2;i=5,54.51987908991385,good,2026-09-28T01:42:16.487695+00:00
ns=2;i=2,30.19816373469428,good,2026-09-28T01:42:21.495840+00:00
ns=2;i=3,1.1588902127344844,good,2026-09-28T01:42:21.495861+00:00
ns=2;i=4,10.734588241746884,good,2026-09-28T01:42:21.495879+00:00
ns=2;i=5,50.55919247609723,good,2026-09-28T01:42:21.495893+00:00
ns=2;i=2,29.291405765430625,good,2026-09-28T01:42:26.505006+00:00
ns=2;i=3,1.2161441478503976,good,2026-09-28T01:42:26.505039+00:00
ns=2;i=4,9.536671575270105,good,2026-09-28T01:42:26.505065+00:00
ns=2;i=5,46.57621262289248,good,2026-09-28T01:42:26.505087+00:00
ns=2;i=2,27.700979373394173,good,2026-09-28T01:42:31.512237+00:00
ns=2;i=3,1.1388723108149141,good,2026-09-28T01:42:31.512266+00:00
ns=2;i=4,11.90072785080736,good,2026-09-28T01:42:31.512290+00:00
ns=2;i=5,42.72972836802722,good,2026-09-28T01:42:31.512311+00:00
ns=2;i=2,25.652258719104374,good,2026-09-28T01:42:36.521615+00:00
ns=2;i=3,0.9928071054305508,good,2026-09-28T01:42:36.521661+00:00
ns=2;i=4,14.74466863890812,good,2026-09-28T01:42:36.521700+00:00
ns=2;i=5,39.17308690045978,good,2026-09-28T01:42:36.521735+00:00
ns=2;i=2,23.158897551235828,good,2026-09-28T01:42:41.531441+00:00
ns=2;i=3,0.866532962751531,good,2026-09-28T01:42:41.531461+00:00
ns=2;i=4,13.907375847012386,good,2026-09-28T01:42:41.531479+00:00
ns=2;i=5,36.04808029187106,good,2026-09-28T01:42:41.531494+00:00
ns=2;i=2,21.231589378846884,good,2026-09-28T01:42:46.542009+00:00
ns=2;i=3,0.7949603232257675,good,2026-09-28T01:42:46.542042+00:00
ns=2;i=4,10.131612016635367,good,2026-09-28T01:42:46.542069+00:00
ns=2;i=5,33.479292694216795,good,2026-09-28T01:42:46.542094+00:00
ns=2;i=2,20.126530481691557,good,2026-09-28T01:42:51.553895+00:00
ns=2;i=3,0.8213189986730977,good,2026-09-28T01:42:51.553940+00:00
ns=2;i=4,9.396324411602945,good,2026-09-28T01:42:51.553987+00:00
ns=2;i=5,31.569133562737456,good,2026-09-28T01:42:51.554015+00:00
ns=2;i=2,20.07525220444061,good,2026-09-28T01:42:56.564794+00:00
ns=2;i=3,0.9331656735510518,good,2026-09-28T01:42:56.564817+00:00
ns=2;i=4,11.89758734458513,good,2026-09-28T01:42:56.564833+00:00
ns=2;i=5,30.3937549141494,good,2026-09-28T01:42:56.564848+00:00
ns=2;i=2,21.54970005914916,good,2026-09-28T01:43:01.574486+00:00
ns=2;i=3,1.084557091631835,good,2026-09-28T01:43:01.574527+00:00
ns=2;i=4,14.697851218748738,good,2026-09-28T01:43:01.574555+00:00
ns=2;i=5,30.00001538605002,good,2026-09-28T01:43:01.574579+00:00
ns=2;i=2,23.851433966721434,good,2026-09-28T01:43:06.584648+00:00
ns=2;i=3,1.2030908032396894,good,2026-09-28T01:43:06.584690+00:00
ns=2;i=4,14.377852085326388,good,2026-09-28T01:43:06.584726+00:00
ns=2;i=5,30.403612130907725,good,2026-09-28T01:43:06.584758+00:00
ns=2;i=2,25.80031467680904,good,2026-09-28T01:43:11.596841+00:00
ns=2;i=3,1.195037095447061,good,2026-09-28T01:43:11.596865+00:00
ns=2;i=4,10.78929756556311,good,2026-09-28T01:43:11.596885+00:00
ns=2;i=5,31.588455020128198,good,2026-09-28T01:43:11.596902+00:00
ns=2;i=2,28.34719624692185,good,2026-09-28T01:43:16.609480+00:00
ns=2;i=3,1.095955855318816,good,2026-09-28T01:43:16.609515+00:00
ns=2;i=4,9.187390648527982,good,2026-09-28T01:43:16.609542+00:00
ns=2;i=5,33.507308106706176,good,2026-09-28T01:43:16.609563+00:00
ns=2;i=2,29.45683978942083,good,2026-09-28T01:43:21.618869+00:00
ns=2;i=3,0.9566892925832604,good,2026-09-28T01:43:21.618895+00:00
ns=2;i=4,12.143997806866121,good,2026-09-28T01:43:21.618913+00:00
ns=2;i=5,36.08367277337086,good,2026-09-28T01:43:21.618928+00:00
ns=2;i=2,30.24145495070301,good,2026-09-28T01:43:26.629910+00:00
ns=2;i=3,0.8307034741672433,good,2026-09-28T01:43:26.629941+00:00
ns=2;i=4,14.803415163471982,good,2026-09-28T01:43:26.629966+00:00
ns=2;i=5,39.21483749105124,good,2026-09-28T01:43:26.629988+00:00
ns=2;i=2,29.263537943464858,good,2026-09-28T01:43:31.641405+00:00
ns=2;i=3,0.7941142927659826,good,2026-09-28T01:43:31.641460+00:00
ns=2;i=4,13.576597448098319,good,2026-09-28T01:43:31.641505+00:00
ns=2;i=5,42.77597260341495,good,2026-09-28T01:43:31.641543+00:00
ns=2;i=2,26.90539696962948,good,2026-09-28T01:43:36.649541+00:00
ns=2;i=3,0.83604626591468,good,2026-09-28T01:43:36.649570+00:00
ns=2;i=4,10.914406800913977,good,2026-09-28T01:43:36.649592+00:00
ns=2;i=5,46.62510689134379,good,2026-09-28T01:43:36.649611+00:00
ns=2;i=2,24.649296499886276,good,2026-09-28T01:43:41.660057+00:00
ns=2;i=3,0.9899930980329013,good,2026-09-28T01:43:41.660099+00:00
ns=2;i=4,8.599830105947065,good,2026-09-28T01:43:41.660127+00:00
ns=2;i=5,50.608787517423686,good,2026-09-28T01:43:41.660153+00:00
ns=2;i=2,22.16512679655403,good,2026-09-28T01:43:46.670956+00:00
ns=2;i=3,1.1091793017082892,good,2026-09-28T01:43:46.670984+00:00
ns=2;i=4,11.571640025289975,good,2026-09-28T01:43:46.671007+00:00
ns=2;i=5,54.568197706324,good,2026-09-28T01:43:46.671030+00:00
ns=2;i=2,20.465415712827635,good,2026-09-28T01:43:51.681926+00:00
ns=2;i=3,1.2089209528541,good,2026-09-28T01:43:51.681964+00:00
ns=2;i=4,14.224279840504545,good,2026-09-28T01:43:51.681992+00:00
ns=2;i=5,58.34548826845473,good,2026-09-28T01:43:51.682016+00:00
ns=2;i=2,20.00339654600558,good,2026-09-28T01:43:56.692639+00:00
ns=2;i=3,1.1962367809187362,good,2026-09-28T01:43:56.692679+00:00
ns=2;i=4,13.645381971275741,good,2026-09-28T01:43:56.692703+00:00
ns=2;i=5,61.790070549033246,good,2026-09-28T01:43:56.692725+00:00
ns=2;i=2,20.55971063302662,good,2026-09-28T01:44:01.703808+00:00
ns=2;i=3,1.0968613200202002,good,2026-09-28T01:44:01.703873+00:00
ns=2;i=4,10.844366397642332,good,2026-09-28T01:44:01.703926+00:00
ns=2;i=5,64.76461992254092,good,2026-09-28T01:44:01.704015+00:00
ns=2;i=2,22.331703381712597,good,2026-09-28T01:44:06.715794+00:00
ns=2;i=3,0.9450734043764765,good,2026-09-28T01:44:06.715834+00:00
ns=2;i=4,9.369611552254964,good,2026-09-28T01:44:06.715868+00:00
ns=2;i=5,67.15055049218934,good,2026-09-28T01:44:06.715894+00:00
ns=2;i=2,24.37938822500368,good,2026-09-28T01:44:11.728082+00:00
ns=2;i=3,0.8431915513278947,good,2026-09-28T01:44:11.728122+00:00
ns=2;i=4,11.989549567736688,good,2026-09-28T01:44:11.728149+00:00
ns=2;i=5,68.85274273540595,good,2026-09-28T01:44:11.728174+00:00
ns=2;i=2,26.835819095043924,good,2026-09-28T01:44:16.740937+00:00
ns=2;i=3,0.7838304056125458,good,2026-09-28T01:44:16.740979+00:00
ns=2;i=4,15.115887010473939,good,2026-09-28T01:44:16.741006+00:00
ns=2;i=5,69.80333561903196,good,2026-09-28T01:44:16.741028+00:00
ns=2;i=2,29.29661680232104,good,2026-09-28T01:44:21.753477+00:00
ns=2;i=3,0.8716630076216043,good,2026-09-28T01:44:21.753519+00:00
ns=2;i=4,14.332903089952376,good,2026-09-28T01:44:21.753550+00:00
ns=2;i=5,69.96443200456646,good,2026-09-28T01:44:21.753578+00:00
ns=2;i=2,29.893400952888722,good,2026-09-28T01:44:26.765736+00:00
ns=2;i=3,1.024621184906022,good,2026-09-28T01:44:26.765782+00:00
ns=2;i=4,11.01414792870791,good,2026-09-28T01:44:26.765814+00:00
ns=2;i=5,69.32960948748726,good,2026-09-28T01:44:26.765842+00:00
ns=2;i=2,29.556182843894934,good,2026-09-28T01:44:31.777253+00:00
ns=2;i=3,1.1314293373750641,good,2026-09-28T01:44:31.777350+00:00
ns=2;i=4,9.118447196943228,good,2026-09-28T01:44:31.777404+00:00
ns=2;i=5,67.92417643825203,good,2026-09-28T01:44:31.777452+00:00
ns=2;i=2,28.372614269708574,good,2026-09-28T01:44:36.790138+00:00
ns=2;i=3,1.1817193777387536,good,2026-09-28T01:44:36.790159+00:00
ns=2;i=4,11.707373730646088,good,2026-09-28T01:44:36.790175+00:00
ns=2;i=5,65.80416303743331,good,2026-09-28T01:44:36.790190+00:00
ns=2;i=2,26.041743961781314,good,2026-09-28T01:44:41.801241+00:00
ns=2;i=3,1.1722009618057052,good,2026-09-28T01:44:41.801306+00:00
ns=2;i=4,14.416075578021873,good,2026-09-28T01:44:41.801357+00:00
ns=2;i=5,63.05408752923253,good,2026-09-28T01:44:41.801403+00:00
ns=2;i=2,23.574237370071373,good,2026-09-28T01:44:46.815834+00:00
ns=2;i=3,1.0615595873221861,good,2026-09-28T01:44:46.815898+00:00
ns=2;i=4,14.612084515950711,good,2026-09-28T01:44:46.815947+00:00
ns=2;i=5,59.78358674579665,good,2026-09-28T01:44:46.815991+00:00
ns=2;i=2,21.630243797384523,good,2026-09-28T01:44:51.826839+00:00
ns=2;i=3,0.895136919891886,good,2026-09-28T01:44:51.826881+00:00
ns=2;i=4,10.992022353828714,good,2026-09-28T01:44:51.826915+00:00
ns=2;i=5,56.12304523269917,good,2026-09-28T01:44:51.826947+00:00
ns=2;i=2,20.449258244664247,good,2026-09-28T01:44:56.838519+00:00
ns=2;i=3,0.8263193696965431,good,2026-09-28T01:44:56.838582+00:00
ns=2;i=4,8.796964511195268,good,2026-09-28T01:44:56.838632+00:00
ns=2;i=5,52.21839722856057,good,2026-09-28T01:44:56.838678+00:00
ns=2;i=2,20.418143891780314,good,2026-09-28T01:45:01.847122+00:00
ns=2;i=3,0.7996682726164235,good,2026-09-28T01:45:01.847172+00:00
ns=2;i=4,11.3413187386732,good,2026-09-28T01:45:01.847213+00:00
ns=2;i=5,48.22530872747653,good,2026-09-28T01:45:01.847249+00:00
ns=2;i=2,21.29127279857129,good,2026-09-28T01:45:06.859715+00:00
ns=2;i=3,0.8932132312995924,good,2026-09-28T01:45:06.859758+00:00
ns=2;i=4,14.769145027662198,good,2026-09-28T01:45:06.859793+00:00
ns=2;i=5,44.30297156706577,good,2026-09-28T01:45:06.859820+00:00
ns=2;i=2,23.397032541790015,good,2026-09-28T01:45:11.871028+00:00
ns=2;i=3,1.0199409283879257,good,2026-09-28T01:45:11.871066+00:00
ns=2;i=4,14.338286351759992,good,2026-09-28T01:45:11.871093+00:00
ns=2;i=5,40.60775695226334,good,2026-09-28T01:45:11.871115+00:00
ns=2;i=2,25.724643574874758,good,2026-09-28T01:45:16.882385+00:00
ns=2;i=3,1.1737391446487653,good,2026-09-28T01:45:16.882425+00:00
ns=2;i=4,10.877513163857477,good,2026-09-28T01:45:16.882459+00:00
ns=2;i=5,37.286981428837294,good,2026-09-28T01:45:16.882487+00:00
ns=2;i=2,28.119137633322143,good,2026-09-28T01:45:21.894023+00:00
ns=2;i=3,1.2198049917479157,good,2026-09-28T01:45:21.894041+00:00
ns=2;i=4,9.282324114841975,good,2026-09-28T01:45:21.894053+00:00
ns=2;i=5,34.4730338375935,good,2026-09-28T01:45:21.894063+00:00
ns=2;i=2,29.36380036059827,good,2026-09-28T01:45:26.907686+00:00
ns=2;i=3,1.1311924935082853,good,2026-09-28T01:45:26.907734+00:00
ns=2;i=4,11.292790710663892,good,2026-09-28T01:45:26.907771+00:00
ns=2;i=5,32.2780973890697,good,2026-09-28T01:45:26.907797+00:00
ns=2;i=2,30.070359661690134,good,2026-09-28T01:45:31.920648+00:00
ns=2;i=3,1.0151014376755974,good,2026-09-28T01:45:31.920669+00:00
ns=2;i=4,14.751072303314933,good,2026-09-28T01:45:31.920684+00:00
ns=2;i=5,30.789677272946033,good,2026-09-28T01:45:31.920697+00:00
ns=2;i=2,29.33832794994564,good,2026-09-28T01:45:36.931545+00:00
ns=2;i=3,0.8753404977669156,good,2026-09-28T01:45:36.931589+00:00
ns=2;i=4,13.954332442266022,good,2026-09-28T01:45:36.931624+00:00
ns=2;i=5,30.067112102271107,good,2026-09-28T01:45:36.931656+00:00
ns=2;i=2,27.15925794440164,good,2026-09-28T01:45:41.943421+00:00
ns=2;i=3,0.7888111520280623,good,2026-09-28T01:45:41.943461+00:00
ns=2;i=4,11.098755755889782,good,2026-09-28T01:45:41.943496+00:00
ns=2;i=5,30.139208270213445,good,2026-09-28T01:45:41.943526+00:00
ns=2;i=2,25.381274684580767,good,2026-09-28T01:45:45.953018+00:00
ns=2;i=3,0.8398218873851693,good,2026-09-28T01:45:46.954269+00:00
ns=2;i=4,8.729348253609631,good,2026-09-28T01:45:46.954284+00:00
ns=2;i=5,31.003091530069803,good,2026-09-28T01:45:46.954297+00:00
ns=2;i=2,23.28151537521042,good,2026-09-28T01:45:50.964713+00:00
ns=2;i=3,0.9103412519164618,good,2026-09-28T01:45:50.964752+00:00
ns=2;i=4,10.539332145676665,good,2026-09-28T01:45:50.964786+00:00
ns=2;i=5,32.24217280344922,good,2026-09-28T01:45:50.964813+00:00
ns=2;i=2,21.11494399986623,good,2026-09-28T01:45:55.975835+00:00
ns=2;i=3,1.0447072808155506,good,2026-09-28T01:45:55.975877+00:00
ns=2;i=4,13.751069014805338,good,2026-09-28T01:45:55.975909+00:00
ns=2;i=5,34.424116237958515,good,2026-09-28T01:45:55.975937+00:00
ns=2;i=2,20.322697776203157,good,2026-09-28T01:46:00.987789+00:00
ns=2;i=3,1.1446017020230017,good,2026-09-28T01:46:00.987830+00:00
ns=2;i=4,14.458773261323985,good,2026-09-28T01:46:00.987861+00:00
ns=2;i=5,37.2270210055169,good,2026-09-28T01:46:00.987886+00:00
ns=2;i=2,20.078959722960334,good,2026-09-28T01:46:06.000087+00:00
ns=2;i=3,1.20236888030051,good,2026-09-28T01:46:06.000122+00:00
ns=2;i=4,11.975761537622523,good,2026-09-28T01:46:06.000148+00:00
ns=2;i=5,40.53914413811921,good,2026-09-28T01:46:06.000168+00:00
ns=2;i=2,21.829566219581864,good,2026-09-28T01:46:11.014220+00:00
ns=2;i=3,1.145246302682035,good,2026-09-28T01:46:11.014263+00:00
ns=2;i=4,9.283652197125706,good,2026-09-28T01:46:11.014299+00:00
ns=2;i=5,44.228441738477585,good,2026-09-28T01:46:11.014329+00:00
ns=2;i=2,23.81264097023409,good,2026-09-28T01:46:16.026908+00:00
ns=2;i=3,1.006530293343441,good,2026-09-28T01:46:16.026978+00:00
ns=2;i=4,10.56146118134538,good,2026-09-28T01:46:16.027035+00:00
ns=2;i=5,48.147833153517546,good,2026-09-28T01:46:16.027085+00:00
ns=2;i=2,26.18168347946556,good,2026-09-28T01:46:21.038494+00:00
ns=2;i=3,0.8991768881481648,good,2026-09-28T01:46:21.038536+00:00
ns=2;i=4,14.353046001044744,good,2026-09-28T01:46:21.038569+00:00
ns=2;i=5,52.14106461587629,good,2026-09-28T01:46:21.038594+00:00
ns=2;i=2,28.7503310623014,good,2026-09-28T01:46:26.050014+00:00
ns=2;i=3,0.7910110036540391,good,2026-09-28T01:46:26.050052+00:00
ns=2;i=4,14.398703777995982,good,2026-09-28T01:46:26.050082+00:00
ns=2;i=5,56.048938588520215,good,2026-09-28T01:46:26.050106+00:00
ns=2;i=2,29.566184579009,good,2026-09-28T01:46:31.062073+00:00
ns=2;i=3,0.8067526680478109,good,2026-09-28T01:46:31.062143+00:00
ns=2;i=4,12.044464331515378,good,2026-09-28T01:46:31.062201+00:00
ns=2;i=5,59.71566046816932,good,2026-09-28T01:46:31.062253+00:00
ns=2;i=2,29.78913973738193,good,2026-09-28T01:46:36.075227+00:00
ns=2;i=3,0.9164562252032933,good,2026-09-28T01:46:36.075299+00:00
ns=2;i=4,9.601216178256687,good,2026-09-28T01:46:36.075355+00:00
ns=2;i=5,62.99504962449207,good,2026-09-28T01:46:36.075404+00:00
ns=2;i=2,28.84954241223687,good,2026-09-28T01:46:41.086183+00:00
ns=2;i=3,1.051469411039626,good,2026-09-28T01:46:41.086248+00:00
ns=2;i=4,10.30824431322639,good,2026-09-28T01:46:41.086300+00:00
ns=2;i=5,65.7563671605368,good,2026-09-28T01:46:41.086346+00:00
ns=2;i=2,26.598757959944148,good,2026-09-28T01:46:46.095552+00:00
ns=2;i=3,1.1588094768898454,good,2026-09-28T01:46:46.095616+00:00
ns=2;i=4,13.33116270133987,good,2026-09-28T01:46:46.095670+00:00
ns=2;i=5,67.88952805998277,good,2026-09-28T01:46:46.095716+00:00
ns=2;i=2,24.63573444143281,good,2026-09-28T01:46:51.102640+00:00
ns=2;i=3,1.2060617384028376,good,2026-09-28T01:46:51.102710+00:00
ns=2;i=4,14.643746962989717,good,2026-09-28T01:46:51.102766+00:00
ns=2;i=5,69.30948992934758,good,2026-09-28T01:46:51.102817+00:00
ns=2;i=2,22.279817363039044,good,2026-09-28T01:46:56.110140+00:00
ns=2;i=3,1.132899608808412,good,2026-09-28T01:46:56.110183+00:00
ns=2;i=4,11.935057368456553,good,2026-09-28T01:46:56.110217+00:00
ns=2;i=5,69.95964336984841,good,2026-09-28T01:46:56.110242+00:00
ns=2;i=2,20.43413672296405,good,2026-09-28T01:47:01.118918+00:00
ns=2;i=3,0.9776389847699578,good,2026-09-28T01:47:01.118955+00:00
ns=2;i=4,9.252453589487514,good,2026-09-28T01:47:01.118985+00:00
ns=2;i=5,69.81406881549034,good,2026-09-28T01:47:01.119012+00:00
ns=2;i=2,19.805524100880657,good,2026-09-28T01:47:06.126526+00:00
ns=2;i=3,0.8809657818991304,good,2026-09-28T01:47:06.126568+00:00
ns=2;i=4,10.163406158798265,good,2026-09-28T01:47:06.126601+00:00
ns=2;i=5,68.87856986436859,good,2026-09-28T01:47:06.126627+00:00
ns=2;i=2,20.770205547213468,good,2026-09-28T01:47:11.134189+00:00
ns=2;i=3,0.8032219783361592,good,2026-09-28T01:47:11.134206+00:00
ns=2;i=4,13.259048627386814,good,2026-09-28T01:47:11.134218+00:00
ns=2;i=5,67.19044190752666,good,2026-09-28T01:47:11.134229+00:00
ns=2;i=2,22.756738321617,good,2026-09-28T01:47:16.141769+00:00
ns=2;i=3,0.838561843507742,good,2026-09-28T01:47:16.141809+00:00
ns=2;i=4,15.2626332769317,good,2026-09-28T01:47:16.141839+00:00
ns=2;i=5,64.81698527940803,good,2026-09-28T01:47:16.141866+00:00
ns=2;i=2,24.678045075853753,good,2026-09-28T01:47:21.149078+00:00
ns=2;i=3,0.9480348756386866,good,2026-09-28T01:47:21.149127+00:00
ns=2;i=4,12.604779955820913,good,2026-09-28T01:47:21.149159+00:00
ns=2;i=5,61.85282220590033,good,2026-09-28T01:47:21.149184+00:00
ns=2;i=2,27.03262181026827,good,2026-09-28T01:47:26.156336+00:00
ns=2;i=3,1.1041366608494314,good,2026-09-28T01:47:26.156378+00:00
ns=2;i=4,9.511184364876957,good,2026-09-28T01:47:26.156413+00:00
ns=2;i=5,58.41612451478681,good,2026-09-28T01:47:26.156441+00:00
ns=2;i=2,29.054501533095802,good,2026-09-28T01:47:31.163698+00:00
ns=2;i=3,1.2013217363866087,good,2026-09-28T01:47:31.163741+00:00
ns=2;i=4,10.500650812407782,good,2026-09-28T01:47:31.163770+00:00
ns=2;i=5,54.64390249788544,good,2026-09-28T01:47:31.163796+00:00
ns=2;i=2,29.86279084454602,good,2026-09-28T01:47:36.172540+00:00
ns=2;i=3,1.2019181121033176,good,2026-09-28T01:47:36.172584+00:00
ns=2;i=4,13.240765293608295,good,2026-09-28T01:47:36.172617+00:00
ns=2;i=5,50.68654274307515,good,2026-09-28T01:47:36.172646+00:00
ns=2;i=2,29.286472466139823,good,2026-09-28T01:47:41.179554+00:00
ns=2;i=3,1.1177794383839474,good,2026-09-28T01:47:41.179594+00:00
ns=2;i=4,14.558650565984886,good,2026-09-28T01:47:41.179623+00:00
ns=2;i=5,46.7018126956093,good,2026-09-28T01:47:41.179648+00:00
ns=2;i=2,28.094147293692828,good,2026-09-28T01:47:46.187543+00:00
ns=2;i=3,0.9566956429268856,good,2026-09-28T01:47:46.187586+00:00
ns=2;i=4,11.801799871007246,good,2026-09-28T01:47:46.187619+00:00
ns=2;i=5,42.84857096793766,good,2026-09-28T01:47:46.187647+00:00
ns=2;i=2,25.548499129080366,good,2026-09-28T01:47:51.196600+00:00
ns=2;i=3,0.8237086152399817,good,2026-09-28T01:47:51.196678+00:00
ns=2;i=4,8.817458693402056,good,2026-09-28T01:47:51.196740+00:00
ns=2;i=5,39.28043414813503,good,2026-09-28T01:47:51.196793+00:00
ns=2;i=2,23.23714674214212,good,2026-09-28T01:47:56.204362+00:00
ns=2;i=3,0.8033104102075251,good,2026-09-28T01:47:56.204409+00:00
ns=2;i=4,10.287405146909522,good,2026-09-28T01:47:56.204443+00:00
ns=2;i=5,36.13965259130006,good,2026-09-28T01:47:56.204472+00:00
ns=2;i=2,21.43253558013305,good,2026-09-28T01:48:01.212139+00:00
ns=2;i=3,0.8724664508439659,good,2026-09-28T01:48:01.212180+00:00
ns=2;i=4,13.731523868399178,good,2026-09-28T01:48:01.212214+00:00
ns=2;i=5,33.551439346794425,good,2026-09-28T01:48:01.212241+00:00
ns=2;i=2,20.250975739182206,good,2026-09-28T01:48:06.220230+00:00
ns=2;i=3,0.9639722335785588,good,2026-09-28T01:48:06.220264+00:00
ns=2;i=4,15.218513327472238,good,2026-09-28T01:48:06.220287+00:00
ns=2;i=5,31.618978309097333,good,2026-09-28T01:48:06.220308+00:00
ns=2;i=2,20.130050936225402,good,2026-09-28T01:48:11.227906+00:00
ns=2;i=3,1.1135327335306908,good,2026-09-28T01:48:11.227954+00:00
ns=2;i=4,11.961016435344856,good,2026-09-28T01:48:11.227987+00:00
ns=2;i=5,30.41931060154839,good,2026-09-28T01:48:11.228017+00:00
ns=2;i=2,21.493228219771296,good,2026-09-28T01:48:16.237480+00:00
ns=2;i=3,1.2065842060651435,good,2026-09-28T01:48:16.237530+00:00
ns=2;i=4,9.41029876990116,good,2026-09-28T01:48:16.237568+00:00
ns=2;i=5,30.000263189877167,good,2026-09-28T01:48:16.237597+00:00
ns=2;i=2,23.46315731885228,good,2026-09-28T01:48:21.244010+00:00
ns=2;i=3,1.193447137271236,good,2026-09-28T01:48:21.244054+00:00
ns=2;i=4,9.874681793354414,good,2026-09-28T01:48:21.244085+00:00
ns=2;i=5,30.378542172006412,good,2026-09-28T01:48:21.244111+00:00
ns=2;i=2,25.80987264854712,good,2026-09-28T01:48:26.252243+00:00
ns=2;i=3,1.0665020907438811,good,2026-09-28T01:48:26.252291+00:00
ns=2;i=4,12.959677497515502,good,2026-09-28T01:48:26.252330+00:00
ns=2;i=5,31.53906675864699,good,2026-09-28T01:48:26.252363+00:00
ns=2;i=2,28.380461969170465,good,2026-09-28T01:48:31.262299+00:00
ns=2;i=3,0.9338259134157715,good,2026-09-28T01:48:31.262325+00:00
ns=2;i=4,14.592261400377636,good,2026-09-28T01:48:31.262345+00:00
ns=2;i=5,33.43557049677669,good,2026-09-28T01:48:31.262362+00:00
ns=2;i=2,29.39032120340066,good,2026-09-28T01:48:36.272996+00:00
ns=2;i=3,0.8256884363589315,good,2026-09-28T01:48:36.273040+00:00
ns=2;i=4,12.162928486596169,good,2026-09-28T01:48:36.273070+00:00
ns=2;i=5,35.992445767119854,good,2026-09-28T01:48:36.273094+00:00
ns=2;i=2,30.047033670727178,good,2026-09-28T01:48:41.281871+00:00
ns=2;i=3,0.7967419125236631,good,2026-09-28T01:48:41.281911+00:00
ns=2;i=4,9.741553785329637,good,2026-09-28T01:48:41.281941+00:00
ns=2;i=5,39.10775802133441,good,2026-09-28T01:48:41.281968+00:00
ns=2;i=2,28.743048362624933,good,2026-09-28T01:48:46.293650+00:00
ns=2;i=3,0.8592210318415412,good,2026-09-28T01:48:46.293673+00:00
ns=2;i=4,10.342193644426603,good,2026-09-28T01:48:46.293691+00:00
ns=2;i=5,42.657309590781146,good,2026-09-28T01:48:46.293707+00:00
ns=2;i=2,27.225785990962283,good,2026-09-28T01:48:51.303420+00:00
ns=2;i=3,1.0001893869641003,good,2026-09-28T01:48:51.303460+00:00
ns=2;i=4,12.895978016777851,good,2026-09-28T01:48:51.303488+00:00
ns=2;i=5,46.49959105564393,good,2026-09-28T01:48:51.303513+00:00
ns=2;i=2,24.57080241248254,good,2026-09-28T01:48:56.315645+00:00
ns=2;i=3,1.1388460083398506,good,2026-09-28T01:48:56.315672+00:00
ns=2;i=4,15.015347785380403,good,2026-09-28T01:48:56.315694+00:00
ns=2;i=5,50.48142277893908,good,2026-09-28T01:48:56.315713+00:00
ns=2;i=2,22.32781057744345,good,2026-09-28T01:49:01.323934+00:00
ns=2;i=3,1.2166107879793422,good,2026-09-28T01:49:01.323978+00:00
ns=2;i=4,12.122620468364966,good,2026-09-28T01:49:01.324011+00:00
ns=2;i=5,54.44406169525528,good,2026-09-28T01:49:01.324037+00:00
ns=2;i=2,20.696781368417373,good,2026-09-28T01:49:06.330749+00:00
ns=2;i=3,1.1676226762809594,good,2026-09-28T01:49:06.330793+00:00
ns=2;i=4,9.116677613482734,good,2026-09-28T01:49:06.330821+00:00
ns=2;i=5,58.2295298958293,good,2026-09-28T01:49:06.330846+00:00
ns=2;i=2,19.7835727922706,good,2026-09-28T01:49:11.337818+00:00
ns=2;i=3,1.02878514109189,good,2026-09-28T01:49:11.337835+00:00
ns=2;i=4,9.73858731799973,good,2026-09-28T01:49:11.337848+00:00
ns=2;i=5,61.68691270923995,good,2026-09-28T01:49:11.337858+00:00
ns=2;i=2,20.326852828343128,good,2026-09-28T01:49:16.344814+00:00
ns=2;i=3,0.9025144118456684,good,2026-09-28T01:49:16.344854+00:00
ns=2;i=4,12.785061926442,good,2026-09-28T01:49:16.344883+00:00
ns=2;i=5,64.67837519311897,good,2026-09-28T01:49:16.344908+00:00
ns=2;i=2,21.979808332667247,good,2026-09-28T01:49:21.350906+00:00
ns=2;i=3,0.8168070550405273,good,2026-09-28T01:49:21.350952+00:00
ns=2;i=4,14.627853302285336,good,2026-09-28T01:49:21.350987+00:00
ns=2;i=5,67.08465717833973,good,2026-09-28T01:49:21.351017+00:00
ns=2;i=2,24.366798541690578,good,2026-09-28T01:49:26.359118+00:00
ns=2;i=3,0.828212377583345,good,2026-09-28T01:49:26.359183+00:00
ns=2;i=4,12.965435923622158,good,2026-09-28T01:49:26.359236+00:00
ns=2;i=5,68.80982779561356,good,2026-09-28T01:49:26.359282+00:00
ns=2;i=2,27.25990206264326,good,2026-09-28T01:49:31.368576+00:00
ns=2;i=3,0.8929172752844654,good,2026-09-28T01:49:31.368640+00:00
ns=2;i=4,9.278991282054465,good,2026-09-28T01:49:31.368694+00:00
ns=2;i=5,69.78510993652033,good,2026-09-28T01:49:31.368738+00:00
ns=2;i=2,28.84108426455189,good,2026-09-28T01:49:36.375728+00:00
ns=2;i=3,1.0298310848399355,good,2026-09-28T01:49:36.375795+00:00
ns=2;i=4,9.25789476005752,good,2026-09-28T01:49:36.375853+00:00
ns=2;i=5,69.97162217978288,good,2026-09-28T01:49:36.375905+00:00
ns=2;i=2,29.80889298564327,good,2026-09-28T01:49:41.385230+00:00
ns=2;i=3,1.1493344492548816,good,2026-09-28T01:49:41.385301+00:00
ns=2;i=4,13.27757041745544,good,2026-09-28T01:49:41.385358+00:00
ns=2;i=5,69.36192887083575,good,2026-09-28T01:49:41.385406+00:00
ns=2;i=2,29.64804696024288,good,2026-09-28T01:49:46.393175+00:00
ns=2;i=3,1.2069651412615192,good,2026-09-28T01:49:46.393240+00:00
ns=2;i=4,15.336974131689335,good,2026-09-28T01:49:46.393294+00:00
ns=2;i=5,67.98033655790823,good,2026-09-28T01:49:46.393342+00:00
ns=2;i=2,28.495806428682577,good,2026-09-28T01:49:51.401015+00:00
ns=2;i=3,1.1554444912119555,good,2026-09-28T01:49:51.401060+00:00
ns=2;i=4,13.095805807217738,good,2026-09-28T01:49:51.401091+00:00
ns=2;i=5,65.88192496664998,good,2026-09-28T01:49:51.401117+00:00
ns=2;i=2,26.159502140987936,good,2026-09-28T01:49:56.407395+00:00
ns=2;i=3,1.0094649641014566,good,2026-09-28T01:49:56.407443+00:00
ns=2;i=4,9.039188581415987,good,2026-09-28T01:49:56.407475+00:00
ns=2;i=5,63.150351145283786,good,2026-09-28T01:49:56.407501+00:00
ns=2;i=2,23.36112725037706,good,2026-09-28T01:50:01.415935+00:00
ns=2;i=3,0.8741054453099713,good,2026-09-28T01:50:01.415974+00:00
ns=2;i=4,9.214732818250768,good,2026-09-28T01:50:01.416002+00:00
ns=2;i=5,59.89451432208799,good,2026-09-28T01:50:01.416025+00:00
ns=2;i=2,21.53138106013719,good,2026-09-28T01:50:06.424265+00:00
ns=2;i=3,0.8164655144508703,good,2026-09-28T01:50:06.424325+00:00
ns=2;i=4,13.16920785449381,good,2026-09-28T01:50:06.424371+00:00
ns=2;i=5,56.244214436815966,good,2026-09-28T01:50:06.424411+00:00
ns=2;i=2,19.95732939485454,good,2026-09-28T01:50:11.431734+00:00
ns=2;i=3,0.8167478440734055,good,2026-09-28T01:50:11.431775+00:00
ns=2;i=4,15.168888383978683,good,2026-09-28T01:50:11.431805+00:00
ns=2;i=5,52.344977426706336,good,2026-09-28T01:50:11.431830+00:00
ns=2;i=2,20.302521728782718,good,2026-09-28T01:50:16.439509+00:00
ns=2;i=3,0.9094902635003643,good,2026-09-28T01:50:16.439559+00:00
ns=2;i=4,12.784915165592267,good,2026-09-28T01:50:16.439595+00:00
ns=2;i=5,48.35225356659797,good,2026-09-28T01:50:16.439621+00:00
ns=2;i=2,21.107378115365805,good,2026-09-28T01:50:21.445761+00:00
ns=2;i=3,1.0566703351254951,good,2026-09-28T01:50:21.445803+00:00
ns=2;i=4,9.195709008170809,good,2026-09-28T01:50:21.445833+00:00
ns=2;i=5,44.425220157024796,good,2026-09-28T01:50:21.445860+00:00
ns=2;i=2,23.06833851276258,good,2026-09-28T01:50:26.452678+00:00
ns=2;i=3,1.161123413223045,good,2026-09-28T01:50:26.452722+00:00
ns=2;i=4,10.021984517818947,good,2026-09-28T01:50:26.452752+00:00
ns=2;i=5,40.72043562755608,good,2026-09-28T01:50:26.452776+00:00
ns=2;i=2,25.844916136063716,good,2026-09-28T01:50:31.460728+00:00
ns=2;i=3,1.187253776499671,good,2026-09-28T01:50:31.460790+00:00
ns=2;i=4,13.282662690378242,good,2026-09-28T01:50:31.460839+00:00
ns=2;i=5,37.385598046257826,good,2026-09-28T01:50:31.460882+00:00
ns=2;i=2,28.139004715597594,good,2026-09-28T01:50:36.469285+00:00
ns=2;i=3,1.1038171113561333,good,2026-09-28T01:50:36.469354+00:00
ns=2;i=4,14.79287754696214,good,2026-09-28T01:50:36.469413+00:00
ns=2;i=5,34.5536568638081,good,2026-09-28T01:50:36.469463+00:00
ns=2;i=2,29.707831145870042,good,2026-09-28T01:50:41.478369+00:00
ns=2;i=3,0.977730242409695,good,2026-09-28T01:50:41.478433+00:00
ns=2;i=4,12.738828767797253,good,2026-09-28T01:50:41.478484+00:00
ns=2;i=5,32.33751263844378,good,2026-09-28T01:50:41.478530+00:00
ns=2;i=2,29.991216983542202,good,2026-09-28T01:50:46.487158+00:00
ns=2;i=3,0.8788047614937026,good,2026-09-28T01:50:46.487219+00:00
ns=2;i=4,9.812603506939535,good,2026-09-28T01:50:46.487303+00:00
ns=2;i=5,30.82551604698276,good,2026-09-28T01:50:46.487345+00:00
ns=2;i=2,29.49269577366867,good,2026-09-28T01:50:51.497924+00:00
ns=2;i=3,0.7817917600966602,good,2026-09-28T01:50:51.497988+00:00
ns=2;i=4,9.14930016557349,good,2026-09-28T01:50:51.498044+00:00
ns=2;i=5,30.077945622145428,good,2026-09-28T01:50:51.498092+00:00
ns=2;i=2,27.541319769372837,good,2026-09-28T01:50:56.509436+00:00
ns=2;i=3,0.8375851877109527,good,2026-09-28T01:50:56.509503+00:00
ns=2;i=4,13.085606994747414,good,2026-09-28T01:50:56.509556+00:00
ns=2;i=5,30.12460463767511,good,2026-09-28T01:50:56.509604+00:00
ns=2;i=2,24.825693239260104,good,2026-09-28T01:51:01.519454+00:00
ns=2;i=3,0.955840173054513,good,2026-09-28T01:51:01.519509+00:00
ns=2;i=4,14.509618444250375,good,2026-09-28T01:51:01.519552+00:00
ns=2;i=5,30.963632945863672,good,2026-09-28T01:51:01.519591+00:00
ns=2;i=2,22.38631126618842,good,2026-09-28T01:51:06.530167+00:00
ns=2;i=3,1.0993943434932794,good,2026-09-28T01:51:06.530226+00:00
ns=2;i=4,13.298885034078147,good,2026-09-28T01:51:06.530273+00:00
ns=2;i=5,32.56158113577063,good,2026-09-28T01:51:06.530314+00:00
ns=2;i=2,20.927190943978946,good,2026-09-28T01:51:11.538479+00:00
ns=2;i=3,1.1707164379400152,good,2026-09-28T01:51:11.538502+00:00
ns=2;i=4,10.006028345423948,good,2026-09-28T01:51:11.538519+00:00
ns=2;i=5,34.854744055681486,good,2026-09-28T01:51:11.538534+00:00
ns=2;i=2,19.961931560331916,good,2026-09-28T01:51:16.548930+00:00
ns=2;i=3,1.184437401841246,good,2026-09-28T01:51:16.548989+00:00
ns=2;i=4,9.318216585348905,good,2026-09-28T01:51:16.549036+00:00
ns=2;i=5,37.75170053647334,good,2026-09-28T01:51:16.549078+00:00
ns=2;i=2,20.164724207587724,good,2026-09-28T01:51:21.559624+00:00
ns=2;i=3,1.0930200773774272,good,2026-09-28T01:51:21.559691+00:00
ns=2;i=4,12.95606368945235,good,2026-09-28T01:51:21.559744+00:00
ns=2;i=5,41.136958065132035,good,2026-09-28T01:51:21.559792+00:00
ns=2;i=2,22.103044340375984,good,2026-09-28T01:51:26.570899+00:00
ns=2;i=3,0.968588268625267,good,2026-09-28T01:51:26.570964+00:00
ns=2;i=4,15.272124517175916,good,2026-09-28T01:51:26.571017+00:00
ns=2;i=5,44.87555710678761,good,2026-09-28T01:51:26.571065+00:00
ns=2;i=2,24.391148600119188,good,2026-09-28T01:51:31.581745+00:00
ns=2;i=3,0.8370826965021206,good,2026-09-28T01:51:31.581818+00:00
ns=2;i=4,13.580503357723812,good,2026-09-28T01:51:31.581873+00:00
ns=2;i=5,48.81845151548103,good,2026-09-28T01:51:31.581924+00:00
ns=2;i=2,26.761557618387606,good,2026-09-28T01:51:36.589037+00:00
ns=2;i=3,0.8158487687912193,good,2026-09-28T01:51:36.589102+00:00
ns=2;i=4,9.559728400390135,good,2026-09-28T01:51:36.589156+00:00
ns=2;i=5,52.808450533660356,good,2026-09-28T01:51:36.589202+00:00
ns=2;i=2,28.958355668445513,good,2026-09-28T01:51:41.596338+00:00
ns=2;i=3,0.8380849117925707,good,2026-09-28T01:51:41.596407+00:00
ns=2;i=4,9.854217267514922,good,2026-09-28T01:51:41.596466+00:00
ns=2;i=5,56.68648549164067,good,2026-09-28T01:51:41.596517+00:00
ns=2;i=2,29.796843120844663,good,2026-09-28T01:51:46.603194+00:00
ns=2;i=3,0.9889942650323037,good,2026-09-28T01:51:46.603260+00:00
ns=2;i=4,13.10492856532277,good,2026-09-28T01:51:46.603313+00:00
ns=2;i=5,60.29795137349453,good,2026-09-28T01:51:46.603361+00:00
ns=2;i=2,29.730469717127374,good,2026-09-28T01:51:51.610220+00:00
ns=2;i=3,1.1292848692287074,good,2026-09-28T01:51:51.610284+00:00
ns=2;i=4,14.61641374691148,good,2026-09-28T01:51:51.610338+00:00
ns=2;i=5,63.498870431151815,good,2026-09-28T01:51:51.610386+00:00
ns=2;i=2,28.45806102592425,good,2026-09-28T01:51:56.616591+00:00
ns=2;i=3,1.1946660408429461,good,2026-09-28T01:51:56.616652+00:00
ns=2;i=4,13.295498094620468,good,2026-09-28T01:51:56.616702+00:00
ns=2;i=5,66.16163212286816,good,2026-09-28T01:51:56.616746+00:00
ns=2;i=2,26.367874728789378,good,2026-09-28T01:52:01.624173+00:00
ns=2;i=3,1.1605584961292532,good,2026-09-28T01:52:01.624203+00:00
ns=2;i=4,9.761370239850066,good,2026-09-28T01:52:01.624228+00:00
ns=2;i=5,68.18008054282511,good,2026-09-28T01:52:01.624251+00:00
ns=2;i=2,23.92403175725012,good,2026-09-28T01:52:06.632375+00:00
ns=2;i=3,1.0596359710861416,good,2026-09-28T01:52:06.632395+00:00
ns=2;i=4,9.20780091056568,good,2026-09-28T01:52:06.632411+00:00
ns=2;i=5,69.4737465221013,good,2026-09-28T01:52:06.632425+00:00
ns=2;i=2,21.98889340473793,good,2026-09-28T01:52:11.642188+00:00
ns=2;i=3,0.9525435364983048,good,2026-09-28T01:52:11.642244+00:00
ns=2;i=4,12.857815220030313,good,2026-09-28T01:52:11.642291+00:00
ns=2;i=5,69.99105568050211,good,2026-09-28T01:52:11.642332+00:00
ns=2;i=2,20.408556935177064,good,2026-09-28T01:52:16.650557+00:00
ns=2;i=3,0.8280438036544954,good,2026-09-28T01:52:16.650664+00:00
ns=2;i=4,15.33573031459733,good,2026-09-28T01:52:16.650716+00:00
ns=2;i=5,69.71138453434554,good,2026-09-28T01:52:16.650761+00:00
ns=2;i=2,20.150677001037618,good,2026-09-28T01:52:21.657090+00:00
ns=2;i=3,0.8039524337254847,good,2026-09-28T01:52:21.657131+00:00
ns=2;i=4,12.998478143414657,good,2026-09-28T01:52:21.657161+00:00
ns=2;i=5,68.64588268967549,good,2026-09-28T01:52:21.657187+00:00
ns=2;i=2,21.258101124050945,good,2026-09-28T01:52:26.665961+00:00
ns=2;i=3,0.8851869169258493,good,2026-09-28T01:52:26.666000+00:00
ns=2;i=4,9.621025269863587,good,2026-09-28T01:52:26.666029+00:00
ns=2;i=5,66.83702834265347,good,2026-09-28T01:52:26.666055+00:00
ns=2;i=2,22.908160717709375,good,2026-09-28T01:52:31.672945+00:00
ns=2;i=3,1.0211980302196766,good,2026-09-28T01:52:31.672993+00:00
ns=2;i=4,9.003769400493912,good,2026-09-28T01:52:31.673022+00:00
ns=2;i=5,64.35693480792531,good,2026-09-28T01:52:31.673048+00:00
ns=2;i=2,25.64393674753154,good,2026-09-28T01:52:36.679575+00:00
ns=2;i=3,1.1553384548412682,good,2026-09-28T01:52:36.679616+00:00
ns=2;i=4,12.160420800555862,good,2026-09-28T01:52:36.679646+00:00
ns=2;i=5,61.30447558833279,good,2026-09-28T01:52:36.679672+00:00
ns=2;i=2,27.70972778228854,good,2026-09-28T01:52:41.687413+00:00
ns=2;i=3,1.2105939490311435,good,2026-09-28T01:52:41.687457+00:00
ns=2;i=4,15.205763344157399,good,2026-09-28T01:52:41.687490+00:00
ns=2;i=5,57.801342600369146,good,2026-09-28T01:52:41.687529+00:00
ns=2;i=2,29.607151418718576,good,2026-09-28T01:52:46.694613+00:00
ns=2;i=3,1.1447334121764128,good,2026-09-28T01:52:46.694657+00:00
ns=2;i=4,13.092564539334907,good,2026-09-28T01:52:46.694695+00:00
ns=2;i=5,53.987194701488846,good,2026-09-28T01:52:46.694726+00:00
ns=2;i=2,29.924147743504786,good,2026-09-28T01:52:51.702848+00:00
ns=2;i=3,1.0608319239528299,good,2026-09-28T01:52:51.702887+00:00
ns=2;i=4,10.039443806816342,good,2026-09-28T01:52:51.702915+00:00
ns=2;i=5,50.01408993218067,good,2026-09-28T01:52:51.702939+00:00
ns=2;i=2,29.50616868532054,good,2026-09-28T01:52:56.710181+00:00
ns=2;i=3,0.8931852581656343,good,2026-09-28T01:52:56.710217+00:00
ns=2;i=4,9.417865844273996,good,2026-09-28T01:52:56.710241+00:00
ns=2;i=5,46.040423441739925,good,2026-09-28T01:52:56.710265+00:00
ns=2;i=2,27.81085359789212,good,2026-09-28T01:53:01.716990+00:00
ns=2;i=3,0.8137049097646513,good,2026-09-28T01:53:01.717027+00:00
ns=2;i=4,12.081675626220848,good,2026-09-28T01:53:01.717058+00:00
ns=2;i=5,42.2246127735105,good,2026-09-28T01:53:01.717084+00:00
ns=2;i=2,25.159210593885195,good,2026-09-28T01:53:06.724435+00:00
ns=2;i=3,0.8282487481017334,good,2026-09-28T01:53:06.724479+00:00
ns=2;i=4,14.572000330680439,good,2026-09-28T01:53:06.724512+00:00
ns=2;i=5,38.71878225734805,good,2026-09-28T01:53:06.724540+00:00
ns=2;i=2,23.208338360186215,good,2026-09-28T01:53:11.732349+00:00
ns=2;i=3,0.8884103501681435,good,2026-09-28T01:53:11.732370+00:00
ns=2;i=4,13.846153488565298,good,2026-09-28T01:53:11.732385+00:00
ns=2;i=5,35.66269829264381,good,2026-09-28T01:53:11.732398+00:00
ns=2;i=2,21.024397925851694,good,2026-09-28T01:53:16.740904+00:00
ns=2;i=3,1.031944576709061,good,2026-09-28T01:53:16.740951+00:00
ns=2;i=4,10.053538840843702,good,2026-09-28T01:53:16.740986+00:00
ns=2;i=5,33.17819730304002,good,2026-09-28T01:53:16.741015+00:00
ns=2;i=2,19.78598500682691,good,2026-09-28T01:53:21.751053+00:00
ns=2;i=3,1.1705740390704156,good,2026-09-28T01:53:21.751095+00:00
ns=2;i=4,9.258691283677033,good,2026-09-28T01:53:21.751125+00:00
ns=2;i=5,31.364328502695983,good,2026-09-28T01:53:21.751150+00:00
ns=2;i=2,20.51219651332376,good,2026-09-28T01:53:26.759494+00:00
ns=2;i=3,1.1940699166996553,good,2026-09-28T01:53:26.759532+00:00
ns=2;i=4,12.372528577290053,good,2026-09-28T01:53:26.759562+00:00
ns=2;i=5,30.293405116687293,good,2026-09-28T01:53:26.759586+00:00
ns=2;i=2,21.952235447964902,good,2026-09-28T01:53:31.771082+00:00
ns=2;i=3,1.1481891711187413,good,2026-09-28T01:53:31.771121+00:00
ns=2;i=4,15.224188167702595,good,2026-09-28T01:53:31.771149+00:00
ns=2;i=5,30.00812148092002,good,2026-09-28T01:53:31.771173+00:00
ns=2;i=2,23.808504414510438,good,2026-09-28T01:53:36.782600+00:00
ns=2;i=3,1.0297318461445522,good,2026-09-28T01:53:36.782667+00:00
ns=2;i=4,13.548966341566137,good,2026-09-28T01:53:36.782721+00:00
ns=2;i=5,30.51985095368762,good,2026-09-28T01:53:36.782766+00:00
ns=2;i=2,26.534866848731646,good,2026-09-28T01:53:41.795910+00:00
ns=2;i=3,0.8940006886530185,good,2026-09-28T01:53:41.795948+00:00
ns=2;i=4,10.441244860754104,good,2026-09-28T01:53:41.795976+00:00
ns=2;i=5,31.808192495766598,good,2026-09-28T01:53:41.796000+00:00
ns=2;i=2,28.596943511416228,good,2026-09-28T01:53:46.803628+00:00
ns=2;i=3,0.7852836158696206,good,2026-09-28T01:53:46.803668+00:00
ns=2;i=4,9.449653189776537,good,2026-09-28T01:53:46.803703+00:00
ns=2;i=5,33.821783995471016,good,2026-09-28T01:53:46.803733+00:00
ns=2;i=2,29.91896698716492,good,2026-09-28T01:53:51.812073+00:00
ns=2;i=3,0.8067385562999035,good,2026-09-28T01:53:51.812108+00:00
ns=2;i=4,11.794455376986196,good,2026-09-28T01:53:51.812135+00:00
ns=2;i=5,36.480349913963224,good,2026-09-28T01:53:51.812160+00:00
ns=2;i=2,29.934297852278064,good,2026-09-28T01:53:56.818943+00:00
ns=2;i=3,0.9376843048868173,good,2026-09-28T01:53:56.818977+00:00
ns=2;i=4,15.038597711092503,good,2026-09-28T01:53:56.819003+00:00
ns=2;i=5,39.67790161766266,good,2026-09-28T01:53:56.819025+00:00
ns=2;i=2,29.02694674911424,good,2026-09-28T01:54:01.827040+00:00
ns=2;i=3,1.0529568739981259,good,2026-09-28T01:54:01.827060+00:00
ns=2;i=4,13.774719567587153,good,2026-09-28T01:54:01.827075+00:00
ns=2;i=5,43.28696281060094,good,2026-09-28T01:54:01.827088+00:00
ns=2;i=2,26.553017823293835,good,2026-09-28T01:54:06.832912+00:00
ns=2;i=3,1.1713640616215553,good,2026-09-28T01:54:06.832955+00:00
ns=2;i=4,10.313042061752324,good,2026-09-28T01:54:06.832987+00:00
ns=2;i=5,47.16365161206671,good,2026-09-28T01:54:06.833012+00:00
ns=2;i=2,24.20820738256916,good,2026-09-28T01:54:11.840375+00:00
ns=2;i=3,1.2061331652440173,good,2026-09-28T01:54:11.840440+00:00
ns=2;i=4,8.826031480624447,good,2026-09-28T01:54:11.840495+00:00
ns=2;i=5,51.153416673144314,good,2026-09-28T01:54:11.840541+00:00
ns=2;i=2,21.971069022789308,good,2026-09-28T01:54:16.845661+00:00
ns=2;i=3,1.117259228775794,good,2026-09-28T01:54:16.845712+00:00
ns=2;i=4,11.752607155559836,good,2026-09-28T01:54:16.845752+00:00
ns=2;i=5,55.09719865128058,good,2026-09-28T01:54:16.845787+00:00
ns=2;i=2,20.49582204193423,good,2026-09-28T01:54:21.853197+00:00
ns=2;i=3,1.0014358310608962,good,2026-09-28T01:54:21.853233+00:00
ns=2;i=4,14.74498145606785,good,2026-09-28T01:54:21.853259+00:00
ns=2;i=5,58.83777140433065,good,2026-09-28T01:54:21.853281+00:00
ns=2;i=2,19.793525607482586,good,2026-09-28T01:54:26.859862+00:00
ns=2;i=3,0.8646179084702682,good,2026-09-28T01:54:26.859901+00:00
ns=2;i=4,14.124678227795053,good,2026-09-28T01:54:26.859931+00:00
ns=2;i=5,62.22601010069061,good,2026-09-28T01:54:26.859957+00:00
ns=2;i=2,20.798678981088436,good,2026-09-28T01:54:31.866439+00:00
ns=2;i=3,0.7999190044551007,good,2026-09-28T01:54:31.866477+00:00
ns=2;i=4,10.32170813367414,good,2026-09-28T01:54:31.866509+00:00
ns=2;i=5,65.12683635574193,good,2026-09-28T01:54:31.866536+00:00
ns=2;i=2,22.57473724335462,good,2026-09-28T01:54:36.876208+00:00
ns=2;i=3,0.8271524568387163,good,2026-09-28T01:54:36.876256+00:00
ns=2;i=4,9.204334831815997,good,2026-09-28T01:54:36.876295+00:00
ns=2;i=5,67.42460338078224,good,2026-09-28T01:54:36.876329+00:00
ns=2;i=2,25.199908757208053,good,2026-09-28T01:54:41.881717+00:00
ns=2;i=3,0.9483058126861221,good,2026-09-28T01:54:41.881752+00:00
ns=2;i=4,11.924010839351284,good,2026-09-28T01:54:41.881779+00:00
ns=2;i=5,69.02770645554651,good,2026-09-28T01:54:41.881802+00:00
ns=2;i=2,27.27257331926519,good,2026-09-28T01:54:46.888705+00:00
ns=2;i=3,1.1143606602333072,good,2026-09-28T01:54:46.888723+00:00
ns=2;i=4,14.747430507492332,good,2026-09-28T01:54:46.888737+00:00
ns=2;i=5,69.87223491932806,good,2026-09-28T01:54:46.888748+00:00
ns=2;i=2,29.058372220507117,good,2026-09-28T01:54:51.895572+00:00
ns=2;i=3,1.2028805874312856,good,2026-09-28T01:54:51.895613+00:00
ns=2;i=4,13.403450325253699,good,2026-09-28T01:54:51.895648+00:00
ns=2;i=5,69.92452008733966,good,2026-09-28T01:54:51.895678+00:00
ns=2;i=2,29.85357801251595,good,2026-09-28T01:54:56.901542+00:00
ns=2;i=3,1.1923574250747864,good,2026-09-28T01:54:56.901605+00:00
ns=2;i=4,10.435695188688667,good,2026-09-28T01:54:56.901658+00:00
ns=2;i=5,69.18247751492804,good,2026-09-28T01:54:56.901703+00:00
ns=2;i=2,29.5798867637965,good,2026-09-28T01:55:01.907197+00:00
ns=2;i=3,1.078139564805919,good,2026-09-28T01:55:01.907241+00:00
ns=2;i=4,8.709115748572762,good,2026-09-28T01:55:01.907268+00:00
ns=2;i=5,67.67569009780455,good,2026-09-28T01:55:01.907290+00:00
ns=2;i=2,28.14472832472696,good,2026-09-28T01:55:06.912914+00:00
ns=2;i=3,0.9697134554229587,good,2026-09-28T01:55:06.912950+00:00
ns=2;i=4,11.624399293828997,good,2026-09-28T01:55:06.912976+00:00
ns=2;i=5,65.46422869534716,good,2026-09-28T01:55:06.912998+00:00
ns=2;i=2,25.497675786844678,good,2026-09-28T01:55:11.918713+00:00
ns=2;i=3,0.8585049212949917,good,2026-09-28T01:55:11.918756+00:00
ns=2;i=4,15.032027302978321,good,2026-09-28T01:55:11.918787+00:00
ns=2;i=5,62.63625729500198,good,2026-09-28T01:55:11.918812+00:00
ns=2;i=2,23.0696579668944,good,2026-09-28T01:55:16.924343+00:00
ns=2;i=3,0.8090733362666146,good,2026-09-28T01:55:16.924397+00:00
ns=2;i=4,13.773325359700692,good,2026-09-28T01:55:16.924440+00:00
ns=2;i=5,59.30451819232077,good,2026-09-28T01:55:16.924477+00:00
ns=2;i=2,20.947449992205925,good,2026-09-28T01:55:21.930487+00:00
ns=2;i=3,0.8743199766808921,good,2026-09-28T01:55:21.930565+00:00
ns=2;i=4,10.779234376873081,good,2026-09-28T01:55:21.930617+00:00
ns=2;i=5,55.60183731141679,good,2026-09-28T01:55:21.930662+00:00
ns=2;i=2,20.19892658586095,good,2026-09-28T01:55:26.937478+00:00
ns=2;i=3,1.0025912895700029,good,2026-09-28T01:55:26.937539+00:00
ns=2;i=4,8.75502106257527,good,2026-09-28T01:55:26.937587+00:00
ns=2;i=5,51.675828854526635,good,2026-09-28T01:55:26.937630+00:00
ns=2;i=2,20.290588946542766,good,2026-09-28T01:55:31.944119+00:00
ns=2;i=3,1.101207658693608,good,2026-09-28T01:55:31.944181+00:00
ns=2;i=4,11.786598750622272,good,2026-09-28T01:55:31.944231+00:00
ns=2;i=5,47.68301038959013,good,2026-09-28T01:55:31.944274+00:00
ns=2;i=2,21.76872151534328,good,2026-09-28T01:55:36.951528+00:00
ns=2;i=3,1.2139887771926536,good,2026-09-28T01:55:36.951593+00:00
ns=2;i=4,14.431873342854916,good,2026-09-28T01:55:36.951645+00:00
ns=2;i=5,43.78256298873728,good,2026-09-28T01:55:36.951691+00:00
ns=2;i=2,23.84893378184108,good,2026-09-28T01:55:41.960866+00:00
ns=2;i=3,1.1901189461792276,good,2026-09-28T01:55:41.960930+00:00
ns=2;i=4,13.911789574108846,good,2026-09-28T01:55:41.960983+00:00
ns=2;i=5,40.129985181266264,good,2026-09-28T01:55:41.961028+00:00
ns=2;i=2,26.33535052765523,good,2026-09-28T01:55:46.971308+00:00
ns=2;i=3,1.0602043030457644,good,2026-09-28T01:55:46.971328+00:00
ns=2;i=4,10.748751376832292,good,2026-09-28T01:55:46.971343+00:00
ns=2;i=5,36.87089371798531,good,2026-09-28T01:55:46.971358+00:00
ns=2;i=2,28.143360482773378,good,2026-09-28T01:55:51.980238+00:00
ns=2;i=3,0.9286066000197353,good,2026-09-28T01:55:51.980255+00:00
ns=2;i=4,8.69583471425297,good,2026-09-28T01:55:51.980268+00:00
ns=2;i=5,34.13521829087766,good,2026-09-28T01:55:51.980279+00:00
ns=2;i=2,29.84012824860492,good,2026-09-28T01:55:56.987477+00:00
ns=2;i=3,0.8087552496531981,good,2026-09-28T01:55:56.987494+00:00
ns=2;i=4,11.517774157466892,good,2026-09-28T01:55:56.987508+00:00
ns=2;i=5,32.032021646298894,good,2026-09-28T01:55:56.987519+00:00
ns=2;i=2,29.70913391930072,good,2026-09-28T01:56:01.997884+00:00
ns=2;i=3,0.7986614961760335,good,2026-09-28T01:56:01.997924+00:00
ns=2;i=4,14.98843964452837,good,2026-09-28T01:56:01.997956+00:00
ns=2;i=5,30.645151597447693,good,2026-09-28T01:56:01.997984+00:00
ns=2;i=2,29.00575034150414,good,2026-09-28T01:56:07.006730+00:00
ns=2;i=3,0.867196908942393,good,2026-09-28T01:56:07.006765+00:00
ns=2;i=4,13.59627207773428,good,2026-09-28T01:56:07.006792+00:00
ns=2;i=5,30.029898276650144,good,2026-09-28T01:56:07.006814+00:00
ns=2;i=2,27.296361688377,good,2026-09-28T01:56:12.015515+00:00
ns=2;i=3,1.0224358451364686,good,2026-09-28T01:56:12.015556+00:00
ns=2;i=4,10.96847765124555,good,2026-09-28T01:56:12.015589+00:00
ns=2;i=5,30.21078989226238,good,2026-09-28T01:56:12.015617+00:00
ns=2;i=2,24.77918886964589,good,2026-09-28T01:56:17.024776+00:00
ns=2;i=3,1.140639781761205,good,2026-09-28T01:56:17.024812+00:00
ns=2;i=4,9.296949527719633,good,2026-09-28T01:56:17.024838+00:00
ns=2;i=5,31.18061486640639,good,2026-09-28T01:56:17.024859+00:00
ns=2;i=2,22.247567886094913,good,2026-09-28T01:56:22.032476+00:00
ns=2;i=3,1.2175474415749097,good,2026-09-28T01:56:22.032515+00:00
ns=2;i=4,11.897389099592665,good,2026-09-28T01:56:22.032546+00:00
ns=2;i=5,32.90070933782281,good,2026-09-28T01:56:22.032571+00:00
ns=2;i=2,20.87133137302088,good,2026-09-28T01:56:27.037081+00:00
ns=2;i=3,1.1775970979236645,good,2026-09-28T01:56:27.037118+00:00
ns=2;i=4,14.30075726123631,good,2026-09-28T01:56:27.037147+00:00
ns=2;i=5,35.30249856800814,good,2026-09-28T01:56:27.037172+00:00
ns=2;i=2,19.834502745731744,good,2026-09-28T01:56:32.043229+00:00
ns=2;i=3,1.0249994635611372,good,2026-09-28T01:56:32.043270+00:00
ns=2;i=4,14.023272473520825,good,2026-09-28T01:56:32.043304+00:00
ns=2;i=5,38.29023079963926,good,2026-09-28T01:56:32.043332+00:00
ns=2;i=2,20.57816667252069,good,2026-09-28T01:56:37.048672+00:00
ns=2;i=3,0.9078470433154935,good,2026-09-28T01:56:37.048713+00:00
ns=2;i=4,10.966600648797026,good,2026-09-28T01:56:37.048741+00:00
ns=2;i=5,41.744794576975224,good,2026-09-28T01:56:37.048763+00:00
ns=2;i=2,22.301135134811712,good,2026-09-28T01:56:42.054338+00:00
ns=2;i=3,0.7960439149728036,good,2026-09-28T01:56:42.054358+00:00
ns=2;i=4,8.921109886596355,good,2026-09-28T01:56:42.054371+00:00
ns=2;i=5,45.5284673437199,good,2026-09-28T01:56:42.054383+00:00
ns=2;i=2,24.44433188273678,good,2026-09-28T01:56:47.060296+00:00
ns=2;i=3,0.8288824528706288,good,2026-09-28T01:56:47.060342+00:00
ns=2;i=4,11.322729489611236,good,2026-09-28T01:56:47.060375+00:00
ns=2;i=5,49.49040600673334,good,2026-09-28T01:56:47.060404+00:00
ns=2;i=2,27.037830112214348,good,2026-09-28T01:56:52.066359+00:00
ns=2;i=3,0.8867701233750124,good,2026-09-28T01:56:52.066395+00:00
ns=2;i=4,14.81607093598369,good,2026-09-28T01:56:52.066427+00:00
ns=2;i=5,53.47266057414133,good,2026-09-28T01:56:52.066454+00:00
ns=2;i=2,28.78762178417199,good,2026-09-28T01:56:57.073214+00:00
ns=2;i=3,1.0276799844739497,good,2026-09-28T01:56:57.073239+00:00
ns=2;i=4,14.01708725991811,good,2026-09-28T01:56:57.073258+00:00
ns=2;i=5,57.31647112307259,good,2026-09-28T01:56:57.073275+00:00
ns=2;i=2,30.037590188285197,good,2026-09-28T01:57:02.079867+00:00
ns=2;i=3,1.1483103747934007,good,2026-09-28T01:57:02.079910+00:00
ns=2;i=4,10.424756044537123,good,2026-09-28T01:57:02.079941+00:00
ns=2;i=5,60.8685970567867,good,2026-09-28T01:57:02.079968+00:00
ns=2;i=2,29.929936862756293,good,2026-09-28T01:57:07.085398+00:00
ns=2;i=3,1.2108709601752596,good,2026-09-28T01:57:07.085442+00:00
ns=2;i=4,9.511332889051086,good,2026-09-28T01:57:07.085473+00:00
ns=2;i=5,63.98742632368796,good,2026-09-28T01:57:07.085498+00:00
ns=2;i=2,27.974304213563034,good,2026-09-28T01:57:12.093624+00:00
ns=2;i=3,1.1549347639972503,good,2026-09-28T01:57:12.093641+00:00
ns=2;i=4,11.774656377602717,good,2026-09-28T01:57:12.093654+00:00
ns=2;i=5,66.54862104294013,good,2026-09-28T01:57:12.093665+00:00
ns=2;i=2,26.133281967156506,good,2026-09-28T01:57:17.103638+00:00
ns=2;i=3,1.009403920506018,good,2026-09-28T01:57:17.103655+00:00
ns=2;i=4,14.237892452327257,good,2026-09-28T01:57:17.103668+00:00
ns=2;i=5,68.45007446340374,good,2026-09-28T01:57:17.103678+00:00
ns=2;i=2,23.453968223294254,good,2026-09-28T01:57:22.108096+00:00
ns=2;i=3,0.8612288598865925,good,2026-09-28T01:57:22.108141+00:00
ns=2;i=4,14.134228736689938,good,2026-09-28T01:57:22.108177+00:00
ns=2;i=5,69.6159816375883,good,2026-09-28T01:57:22.108208+00:00
ns=2;i=2,21.336278652422358,good,2026-09-28T01:57:27.112665+00:00
ns=2;i=3,0.8184366030453055,good,2026-09-28T01:57:27.112702+00:00
ns=2;i=4,10.51851824454411,good,2026-09-28T01:57:27.112733+00:00
ns=2;i=5,69.99986152569184,good,2026-09-28T01:57:27.112759+00:00
ns=2;i=2,20.3503844711688,good,2026-09-28T01:57:32.119532+00:00
ns=2;i=3,0.8064579756545015,good,2026-09-28T01:57:32.119601+00:00
ns=2;i=4,8.721414720493339,good,2026-09-28T01:57:32.119656+00:00
ns=2;i=5,69.58641004797875,good,2026-09-28T01:57:32.119703+00:00
ns=2;i=2,20.02116102368342,good,2026-09-28T01:57:37.126379+00:00
ns=2;i=3,0.9114002013730912,good,2026-09-28T01:57:37.126448+00:00
ns=2;i=4,11.699617882460373,good,2026-09-28T01:57:37.126504+00:00
ns=2;i=5,68.3921102101438,good,2026-09-28T01:57:37.126554+00:00
ns=2;i=2,21.31218849762067,good,2026-09-28T01:57:42.132823+00:00
ns=2;i=3,1.0813362505484723,good,2026-09-28T01:57:42.132890+00:00
ns=2;i=4,14.125845984517909,good,2026-09-28T01:57:42.132943+00:00
ns=2;i=5,66.4645749778905,good,2026-09-28T01:57:42.132988+00:00
ns=2;i=2,23.427089410599585,good,2026-09-28T01:57:47.138937+00:00
ns=2;i=3,1.180122716705416,good,2026-09-28T01:57:47.138996+00:00
ns=2;i=4,14.136966756140787,good,2026-09-28T01:57:47.139045+00:00
ns=2;i=5,63.8806490982395,good,2026-09-28T01:57:47.139088+00:00
ns=2;i=2,25.529020843692262,good,2026-09-28T01:57:52.146317+00:00
ns=2;i=3,1.1871800985429641,good,2026-09-28T01:57:52.146386+00:00
ns=2;i=4,10.863543245789135,good,2026-09-28T01:57:52.146442+00:00
ns=2;i=5,60.74334554196288,good,2026-09-28T01:57:52.146491+00:00
ns=2;i=2,27.815483602356792,good,2026-09-28T01:57:57.152185+00:00
ns=2;i=3,1.1141742397120333,good,2026-09-28T01:57:57.152247+00:00
ns=2;i=4,8.52218515528236,good,2026-09-28T01:57:57.152297+00:00
ns=2;i=5,57.177738701515665,good,2026-09-28T01:57:57.152340+00:00
ns=2;i=2,29.64073783261574,good,2026-09-28T01:58:02.162239+00:00
ns=2;i=3,0.9652111395617499,good,2026-09-28T01:58:02.162298+00:00
ns=2;i=4,11.614551603882134,good,2026-09-28T01:58:02.162348+00:00
ns=2;i=5,53.325978069703176,good,2026-09-28T01:58:02.162390+00:00
ns=2;i=2,29.954181926204974,good,2026-09-28T01:58:07.171229+00:00
ns=2;i=3,0.8520924278357185,good,2026-09-28T01:58:07.171249+00:00
ns=2;i=4,14.728105373303128,good,2026-09-28T01:58:07.171266+00:00
ns=2;i=5,49.3416211879825,good,2026-09-28T01:58:07.171280+00:00
ns=2;i=2,29.06176419694063,good,2026-09-28T01:58:12.177560+00:00
ns=2;i=3,0.8056962155977992,good,2026-09-28T01:58:12.177579+00:00
ns=2;i=4,14.428290814404878,good,2026-09-28T01:58:12.177595+00:00
ns=2;i=5,45.38351179186233,good,2026-09-28T01:58:12.177610+00:00
ns=2;i=2,27.509043215945308,good,2026-09-28T01:58:17.182561+00:00
ns=2;i=3,0.8342166809012311,good,2026-09-28T01:58:17.182587+00:00
ns=2;i=4,10.991565316761873,good,2026-09-28T01:58:17.182609+00:00
ns=2;i=5,41.60944721242965,good,2026-09-28T01:58:17.182625+00:00
ns=2;i=2,25.015555145298844,good,2026-09-28T01:58:22.188764+00:00
ns=2;i=3,0.9764471203516012,good,2026-09-28T01:58:22.188826+00:00
ns=2;i=4,8.69456309980912,good,2026-09-28T01:58:22.188875+00:00
ns=2;i=5,38.16988749471706,good,2026-09-28T01:58:22.188917+00:00
ns=2;i=2,22.284180800929665,good,2026-09-28T01:58:27.195465+00:00
ns=2;i=3,1.0934463807102892,good,2026-09-28T01:58:27.195516+00:00
ns=2;i=4,11.532982238901983,good,2026-09-28T01:58:27.195557+00:00
ns=2;i=5,35.20195703051118,good,2026-09-28T01:58:27.195594+00:00
ns=2;i=2,20.707198663151754,good,2026-09-28T01:58:32.203110+00:00
ns=2;i=3,1.1703264701538096,good,2026-09-28T01:58:32.203135+00:00
ns=2;i=4,14.156943987392815,good,2026-09-28T01:58:32.203151+00:00
ns=2;i=5,32.82397784157392,good,2026-09-28T01:58:32.203163+00:00
ns=2;i=2,19.761720499920617,good,2026-09-28T01:58:37.210135+00:00
ns=2;i=3,1.1851905398700027,good,2026-09-28T01:58:37.210173+00:00
ns=2;i=4,14.09956002442975,good,2026-09-28T01:58:37.210202+00:00
ns=2;i=5,31.130752454020783,good,2026-09-28T01:58:37.210226+00:00
ns=2;i=2,20.646912343049415,good,2026-09-28T01:58:42.214722+00:00
ns=2;i=3,1.1099619896865607,good,2026-09-28T01:58:42.214761+00:00
ns=2;i=4,11.371093868165264,good,2026-09-28T01:58:42.214789+00:00
ns=2;i=5,30.1897844207719,good,2026-09-28T01:58:42.214813+00:00
